sequence,bioactivity,Y,id
LKAGEGNKIGPE,1,1,478
EDSEKEVPSDVPKNPEDDRE,0,0,1485
SIAWSADGNTLYSGHKDNLIR,1,1,301
NAGVTVTPLLLGYTF,1,1,860
YANYRDIDLGRNEVV,0,0,3430
TTINVNLASAKSKVE,0,0,3196
YAGEPAPFDETLGEEDKDLD,0,0,1643
NAGFNSNRANSSRSS,1,1,717
SIPETVDPLTVSAQVVDNML,0,0,2416
ATTEEQKLIEDINAS,0,0,3445
VAFSVDNRQIVSGSR,0,0,3213
LNLTTEFFGHSVNLL,0,0,2903
CSKIPSLPDVTFVIN,0,0,2491
YHGQRHSDEHHHDDSLPHPQ,1,1,359
MAPSYKLTYCPVKAL,1,1,844
ASGFTFSNYAMHWVR,1,1,736
IAFFRKEPLKECGGI,0,0,1848
QMTFLRLLSASAHQN,1,1,812
TPNMYFKDVVIYHKK,1,1,1156
TLEELIDEVDADKSG,0,0,3182
IPFVHLGHRDALEDD,0,0,3578
QKSQRSQEENPV,0,0,3753
SYDIEANINNYKNPR,0,0,3151
VLASVSATHAKSSPY,1,1,415
PISVTAPPPQLPRPP,0,0,3728
VVVFDVRLAVTVDHA,0,0,3264
SWYYLNSNGAMATGW,1,1,766
MSYSWTGALVTPCAAE,0,0,1568
KNVFDDVVPEKYTIG,0,0,1875
MGDMRDHEEVLEIPD,0,0,3328
EYSRRSLYYSNGYSH,0,0,2617
KAAGLFNAPASQLAR,1,1,1185
WQILKRVNYLFQRYK,0,0,3271
YKQQIKTLNTRLKEA,0,0,2240
ENAYEYLKHNGLETE,1,1,1012
WYVMVTAALSYTISRMEESSVTL,1,1,443
ENPAVHFFKNIVTPRTP,0,0,3496
LKLSSGKKQKHRNVK,0,0,2891
PETEKAEEVEKIEKTEEPAP,0,0,1580
DSDVGEFRAVTELGRPDAEY,1,1,1264
EVKYTVFETALK,1,1,93
PAGTQAIIDTSKAII,0,0,2221
LGYTFQDSQHNNGGK,1,1,859
ASVPAADKFKTFEAAFTSSSK,1,1,35
EEVALSTTGEIPFYGKAI,0,0,1488
ADAGYAPATPAAAGA,0,0,1738
VVDEANIETHG,0,0,2019
YQLHTGKNTIQRNSH,0,0,3303
IVTTSTNDWVVTCSYTIPTCRKMDE,1,1,523
LEAAVKQAYAATVAT,0,0,3642
DHTNFKYNYSVIEGGPIG,1,1,57
NQRALYHTENAYVSVVS,1,1,652
FKHKFAELLEQQKAAQYPSK,1,1,102
NPEEGKGENPNGFDLDENPE,0,0,1574
IPSLEAAVKQAYAATVAAAPQ,1,1,156
VQASNGPLSASDASAL,1,1,1053
QDFLRRVQELRINMQKNFISFDA,1,1,975
DIKFLPFKVVEKKTKPYIQV,1,1,814
VEMHQVRDLKIKSVY,0,0,3225
PDTTCSEIEEFRDRA,0,0,1926
ETQACLRKKDRRVKE,1,1,1166
RQQLYARYFLERLSN,0,0,3078
STSCNVVVASQECVG,0,0,3144
WTTCQSIAFPSKTSASIGSL,0,0,3428
HDNQRGHGAGGASIL,0,0,2717
GLYYVHEGIRTYFVQ,0,0,2336
VHAVKPVTEEPGMAK,0,0,1996
RHALMTWGDKFSADE,0,0,3062
DPHLPTLLLGSSGSGGDDDD,0,0,1479
RDYVSELPTEVQKLKEKCDG,1,1,414
FVAAAKYMVIQGEPG,0,0,3520
IDLFKNPYDFEAIKKLIN,1,1,386
LGHDDAYSDDKSMKVTVAFN,1,1,196
TDVPMSLENFMNITG,0,0,3161
EEYTDNWLAVYFFTSGN,0,0,2339
YYLNANGAMATGWAK,0,0,3449
IEGITLLNAKFFHMN,0,0,3566
TFGGLLGEKTRNLMG,1,1,1236
CPNALKGKTVLENFV,0,0,2489
IKKMLADQTVEEHIG,1,1,149
IMILVVAAKEVWGDEQA,1,1,154
DNTGPRKLNERLSLA,0,0,2258
KLQIQITELEMSLDV,0,0,2837
LQPETFAVVDLNKMR,0,0,3662
ANWIEIMRIKKLTIT,0,0,1749
GVKIGDTTVAPAGTQ,0,0,2703
KYDFDGVNRGTRGTS,1,1,858
IEDYHGGFKKTDKHP,1,1,1130
VKDRVDEVDHTN,1,1,1440
FAVATITHAAELQRV,0,0,2182
RRHGVRIRVRSGGHD,0,0,1949
AKSSPAYPSVLGQTI,0,0,3615
ATGLKYDANNIYLAANYGET,0,0,2309
NYFKLIHVRKTAHFE,0,0,2983
LLWLLLFLAILIWMYYHGQR,1,1,203
PVTEEPGMAKIPAGE,0,0,3748
NGSAAPQLTKNAGVLTCILS,1,1,246
KIAAMKDLLPILEPV,0,0,2828
DSFIADLVVGLSTGQ,1,1,1115
SCFEIKCTKPESCSGEAVTV,1,1,296
PRGPPLSSSLGLALLLLLLA,1,1,269
KEENVEHDAEENVEHDA,0,0,1540
SSKRGRQTPVLYAMLDHSRS,1,1,521
AEVELRQHGSEEWEP,0,0,1742
EVDHLYPTTYLNPWQ,0,0,2610
YDYTICGDSEDMVCTPKSDE,1,1,580
IGNITLALGKVSNAITTTSD,1,1,740
SSLFQVANQYTGILY,0,0,3134
PNLQKYEKLKPKYIS,0,0,2224
GAYMSKAHGVDPNIRTGV,1,1,115
KDCMGEAVQNTVEDLKLNTL,1,1,490
CLREILRELDEQLTS,0,0,2168
SWIQSIPFVHLGHRD,0,0,3356
ARGLTGRPGDA,0,0,1687
FYGHIFHMYRSLLGH,0,0,2660
AASGADGTYDITKLG,0,0,1736
IEAAASAIQGNVTSIHSLLD,1,1,146
YDSLKEKLQKTYSQY,1,1,357
LAFFLAFFLDLILLIIALYL,0,0,3635
ATALPKNETPEVTKAEETKT,1,1,36
GINLETGGNAWFTKL,0,0,2293
DVTITAPGDSPNTDG,0,0,1785
ATGRKHVRRGVGING,0,0,2473
ISGLDRKVEVHVPVK,0,0,2782
FTKLVENAKKTENKD,0,0,2292
VDSGAQLGELYYAIH,0,0,3393
NNAAALPGKCGV,0,0,3701
MEPAFDQFRQTYRQWIIEAM,0,0,1563
IALMFVCLIIMWLIC,0,0,1528
YHNDAKTFLVWCNEE,0,0,3285
AMQEFMILPTGAATF,0,0,2460
GRLIPTCKNLRPGPSPKEFE,1,1,487
ALWNLHGQALFLGIVLFIFG,0,0,1456
LADAGCSGGAYDIIICDE,1,1,1341
TAKAPGLVPKLDAAY,0,0,3361
YIPTSCLREILRELD,0,0,3289
NAFEYFHLKQHKPET,0,0,2951
SNDRILLIKPLQIGVD,1,1,987
IGDAFRGNNAIKWLV,0,0,2751
IQSPGEGTTGKLIYNGSGK,0,0,3584
CIIHRGKPFQLEAVFEANQNTKTA,1,1,1079
PGEVGFAGSPGARGF,1,1,811
AEVSYVHVNGAK,1,1,9
RWGTYAIGGSSA,1,1,1062
LNGLAAVREALVTHGEDTAD,1,1,665
RKREECLDALESIMT,0,0,2426
IYSAFEFDPNSKVHA,0,0,2793
ELYYAIYKASPTLAF,0,0,3495
KHISSNEYIIEDSFKLLN,1,1,388
VATLSEALRIIAGTL,0,0,3387
DSFVASLTEALRVIA,1,1,63
VVQSIGYKFHRHGYE,0,0,3414
MSGTHQNHAVSIPVNREQCS,0,0,2409
EELAFDGVKIDNVDV,0,0,2573
HYFNKFQMKQPYYTR,0,0,2741
GNKMSMYTASL,0,0,2070
EYKGEDAPCKIPFST,0,0,2365
SFGIVVAWQVKLLPV,0,0,3782
IPTNGDVVVVSTDALMTG,1,1,1317
WTDKGCFCEDKLHSCVIERKN,1,1,733
ASQLLDDGNGENYVD,0,0,2123
AEGLSGEPKGAAESS,0,0,1741
RFVPSAAVEFVGAFV,0,0,3060
NFRFMSKGGMRNVFD,0,0,3695
KACNCLLLKVNQIGT,0,0,2796
IEIRDVNKEKVVGRI,0,0,2375
FENNQRCMCEALQQIMENQS,1,1,868
CLAVLWVVKSTPAS,1,1,660
LWKYNGEFSIQTDAK,0,0,2927
EAAKPAPAPSTN,0,0,1482
NDVSTYASGKVWGQK,0,0,1912
SHIQSAVVCGRRHGV,0,0,3787
TKRIKVAASTLRTYI,1,1,992
IEDSFKLLNSEQKNTLLK,1,1,387
SVVSPDYQSYRTLMR,0,0,3148
AYQQATDKAAKDAAD,0,0,2086
VVKNFMALYKKDPVK,0,0,3260
EDYRFQEGDWPNLKP,0,0,2242
GDRFLQHANACRFWP,0,0,2667
DNRVTVHAKKETTTGGKKCS,0,0,2400
QFYYDKSEQYCGYPE,0,0,3026
IKEKGKDKWIELKES,0,0,3570
RVPFSHDDRLGFLTF,1,1,1152
TEAEGGVYDISNKRR,0,0,2356
SDDDEVVIAAFKTFE,0,0,3090
APEDINVTSSDNRVTVHAKK,0,0,2398
AVRQIFGDYKTTICGKGLSATV,0,0,1695
GVALVRAINSLDNLR,0,0,2702
YEKAKNAYQKANQAVLKAKEASSYD,0,0,1644
ATFEAMYLGTCKTLT,0,0,3410
APGNRGFPGQDGLAG,0,0,2425
GKRVVLPVEIPIQCE,0,0,2686
SQEYSGSVANEANVY,0,0,2284
KARVDELERIRRSIL,1,1,1041
GGESFGIVVAWKVRL,0,0,1828
VRLRSSVESTRGRSRPAPPPAFGLT,0,0,3332
GDGKMKELSPRWYFY,1,1,1286
KQVHPDTGISSKAMG,1,1,569
KWCANPDWIHIDTTPFAGLV,1,1,725
NCVDAKMTEEDKENALS,0,0,3691
IIKMMESARPEEVSFQG,1,1,643
CLRCQKPLNPAEKLR,1,1,502
FDYKLRQHNTFLDTE,0,0,2622
IFLGPEPKSVVQ,1,1,818
DRPFQTEYNPQLRYP,0,0,2542
QAVLLPKKTESQKTK,1,1,1032
DVIQRAYETRMSDVH,0,0,2555
IPTSGDVVVVSTDALMTG,0,0,3583
LENLVVLNAASVAGAHW,0,0,3643
AAILRRHIDLLVGSATLCSALY,1,1,1358
YRLNHKPFTYNVEVT,0,0,3305
HGVDPNIRTGVRTITTGS,0,0,1522
NYHSGYYRPNKQHGN,1,1,783
KDLLEQKRAAVDTYC,0,0,3600
THPEIYLFKKLGVSLLKRI,1,1,990
YYAIHKASPVLAFPA,0,0,3448
AASGAATVAAGGYKV,0,0,3466
GVATYRNSNFFGLVDGLNFA,0,0,2317
SADFPQFKPEEITGI,0,0,1955
DIFERIAGEASRLAH,1,1,1028
FRPWWERYQLVSYKL,0,0,2646
IVINNAGILNDEKWE,0,0,2789
CKTLTPLMSSKFPEL,0,0,1772
CEALYEVDHLYPTTY,0,0,2482
AAPLSWSKDIYNYME,0,0,1735
GYITTNVLREILKEL,0,0,3556
DWKYVDGEFTYVPLV,0,0,2175
EPIAAYHFDLSGIAF,0,0,3500
TCGNGWVCEHRWRQI,0,0,3155
LHSIVPIGQDPHEYE,0,0,2300
NTEISFKLGQEFEETTADNRKTKSIV,0,0,3706
VHEKEKYKYICDDLD,0,0,3235
STHVDIRTLEDLLMG,0,0,3348
RRVQQEIDDVIGQVRRPEMG,1,1,669
TYEEFSAKLDRLDEEFNRKM,0,0,3385
EVKEKGMAALPRLIA,1,1,884
GVHIPYKISASTNCATVK,1,1,718
APITAYAQQTRGLLGCII,0,0,1459
HLNDAVTSKLQTCLL,0,0,2733
YFSKAYGVPSAYIWE,1,1,911
LPSKGLEHLKELIARNTWTL,1,1,616
QPDPYKLDSGLVYNP,0,0,3035
IPVNFTLRNQEQLLS,0,0,2775
RKYDEVARKLAMVEA,1,1,549
AKASRNLQDDLQDFL,0,0,2450
DAWREGEEFVVEFDLPGIKA,0,0,1467
KYYADSVKGRFTISR,1,1,742
AVVESNGTLTLSHFGKC,1,1,40
RILLRLHRCFQVLGR,1,1,1149
FTSLLQHFSFSVPTGQPRPS,1,1,662
RIIIDRFMDFREQEK,0,0,3065
LFVVYRDSIPHAACH,1,1,505
YEKQDKYCGLPEHLL,0,0,3278
AFALVLLFCALASSC,0,0,1743
FLNNIETLYKTVNDKIDL,0,0,1654
CYAKDMALFVASYAD,0,0,2493
RGEPFSTYYIKHREQ,0,0,3061
NVEVTSEKDTPVYVR,0,0,2980
VVVDEDKKVYRVFES,0,0,3263
KYKTFEAAFTVSSKR,0,0,3633
RMSGGSDDDEVVIAA,0,0,3073
PGYPIRALVGDEAE,1,1,510
LIDDVLAILPLDDLK,0,0,3649
MMERVVEQMCITQY,1,1,231
VKIEYSGTNNKTMAV,0,0,2000
ESPVDQDPDCLFCED,1,1,883
GGNFAGGGFGMLLRK,0,0,1830
AQVATISANGDKDIGN,1,1,429
ERDPANIPWDKD,0,0,1494
LVFLRNAKIELKPNQ,1,1,1138
SQPIFSFYLSRDPGA,0,0,3123
LMEYNLLPLLLSLLSKKKTLTSSGL,1,1,967
RLQQLVLDPGFLGLEPLLDL,1,1,726
LTMSNVKNVSQTNFKSLLRNLGVS,1,1,214
FKADEKKFWGKYLYEIAR,1,1,421
EHYDKFERMIKEHTEKFNKK,1,1,73
KEEDWICCACQKTRTSRRAKPPQ,1,1,541
LTGYGQWEYNFQGNNSEGAD,0,0,2324
LKFEGPAESYFTTTV,0,0,2889
QTLFLLLLLLAAVSA,0,0,3042
SDVGEYRAVTELGRPDAEYWN,1,1,748
SLKESRKLSDRGVKIAVFGI,0,0,1602
DVAGIVGVPVAAGCT,1,1,1178
YKLHFNAFEYFHLKQ,0,0,3294
LAQGAYRTAVDLESLASQLT,1,1,635
AALNRRIQLLEEDLE,0,0,2158
GSSQHQERCCNELNEFENNQ,1,1,869
KLIVTSEGAFKYFSK,1,1,908
SDKNKAYLHFLFEMT,0,0,3092
MVWEGLNVVKTGRLM,0,0,2950
NLARTISEAGQAMASTEGNV,1,1,249
QYPSGEGSFQPSQENPQA,0,0,3763
APVFSIHHARFQDGE,0,0,2166
DRPIHSYDFVTPNMF,0,0,2543
IGPKPTLIPSQSPMT,0,0,2752
QLVKDKNIDISIKYDPRKDSE,1,1,275
NEVFSNKLINHKHMN,0,0,1569
QETSANVADTEETL,0,0,1586
FGLVDGLNFAVQYLGKNERD,1,1,912
PEDLCVNIDSNRVVVSGRHY,0,0,2412
SKLKAEATTDGLGWY,0,0,1966
VNGSWYYLNANGAMA,0,0,3401
GGAVFGEEGLTLNLEDVQPH,1,1,691
VQVSPVHENVIISSP,0,0,3247
AGSKLCEKTSKT,1,1,14
DVISGSYENGSCTGK,0,0,2556
IRLHSDASKNKEKALIIIKS,1,1,157
ELQKKIYVIEGTSKQDLTSF,1,1,80
QSMYENYIVPEDKREMWMAC,1,1,279
SSEWVLENAKNPKAILI,1,1,1426
DASRLSTQGFAWDQP,0,0,2257
KLIEDINVGFKAAVA,0,0,1870
LRKAFDAFDREKSGS,0,0,2216
LLENGAIFVTSG,1,1,1348
SLSELTDALRTLGST,0,0,1968
AYSDDKSMKVTVAFNQFGPN,1,1,446
LSSSLGLALLLLLLALLFWL,1,1,211
RVRGGDGKMKELSPR,1,1,607
MPYQIASGFSTSQLA,0,0,2943
DLYCYEQLNDSSEEEDEIDGPA,0,0,1696
HLRQDFASVTYHVES,0,0,2734
TISVDGVTPVFYNMV,0,0,3177
QHTILKDLVKLLNAFNGPFKSN,1,1,1392
REKLQLILTLSRNASLYLNGA,1,1,977
FADKPDESTLSPEMKEHYDK,1,1,96
LLILRAIPEGIRDKGAK,0,0,3654
LYVFVVYFNGHVEAV,1,1,223
APCKIPFSTEDGQGK,0,0,2362
STLTKTLVLVPLLANNR,1,1,581
QTINKTAHEIIDA,0,0,1589
ANINNYKNPRVVKNF,0,0,2463
MMIARFKMFPEVKEKGMAAL,1,1,1361
SSKVTITDTTIGTGD,0,0,1973
DLNVSQDRIGYVYAF,0,0,2527
MGKATTEEQKLIEDV,0,0,3678
NIREGGFAHFEARLE,0,0,2964
DPHEYEVKPKDIKKLTDADV,1,1,1251
VSYDTVKDYAYIRFSVSNGT,1,1,1074
DNNGNRHVPNSEDRETRPHG,0,0,3473
SSGSGGDDDDPHGPVQLSYY,0,0,1612
PNLKPSMPFGKTPVL,0,0,2245
KIYVGRAYVRDLTPDE,1,1,171
IKYTRPGDSLAEVEL,0,0,1852
IVVADLFSAGMVTTSTTLAW,0,0,3591
FGKQGFFPDSVNKALY,1,1,1175
LHYLRPYIIQLKTIT,0,0,2883
NMYAMMIARFKMFPEVKEKG,1,1,250
LENGIIFAKNIAKQL,0,0,2299
LYPHVSEDVIVDNPA,0,0,2928
NFWRGENGRKTRIAYER,1,1,651
NDKSDRYIPYSPLAPKVLDN,0,0,3693
SGHAFGAMAKKGDEQ,0,0,3784
AKQYNICCKFKELLD,1,1,19
IWIDHNSFSNSSDGLVDVTL,0,0,1538
LILLIIALYLQQNWWTLLVD,1,1,1346
KRHRKVLRDNIQGITKPAIRRLAR,1,1,1337
NKWEDKRLLYSQA,1,1,248
QELKEIDESESEDYA,1,1,764
PHIPVSGRKYHIRRG,0,0,2995
LNTYYSYYYFNYPTF,0,0,2905
HVVLKSGFKRPSANN,0,0,2739
VSCVRFSPNHSNPII,0,0,3249
LRHNPGGPSSAVPLLLSYFQ,1,1,594
AAPAAGYTPATPAAP,0,0,1734
VVGAGEKALKLSWFK,0,0,2396
INTEKQGTPEQMRQAIEFVK,0,0,3334
EATTDGLGWYKIEID,0,0,1789
INKWQVVAPQLPADL,0,0,3576
TKQIVGIVSWGYGCARKGYP,0,0,2353
FVDGKEVTSKPANKVS,1,1,106
RYANPIAFFRKEPLK,0,0,1953
RASRVAEQLFRKFLKF,1,1,1097
KESGDAASGADGTYD,0,0,3605
KAKRLHLSPVRLAELHSDLKIQE,1,1,675
DIELLKKILAGGFIQKYDSVMQ,1,1,58
VVTVRAERPGVDPDREMLAA,0,0,1639
KCEFQDAYVLLSEKK,1,1,537
YTNEANIYKLNIAEI,0,0,3309
QFHQPLVSHQMRLSQ,1,1,1143
KLTITGKGTLDGQGK,0,0,1872
ANYTAHGSETAWADP,1,1,837
TTVRLRAYMNTPGLP,0,0,3383
STYYIKHREQAIMLF,0,0,3145
AAVGATPEAKFDSFV,0,0,3475
HFGEIIFGGSDWKYV,0,0,2720
DYDAAKKDAKNAKKA,0,0,2091
FVHLGHRDNIEDDLL,0,0,1822
PEYQNLLEKLREKGV,0,0,2992
DNGPQDPDNTDDNGPHDPLP,0,0,3472
HAQLAFSTAFDNKEY,0,0,2714
ELTEDLNMELRVFFD,0,0,2259
GLEYVKQLLENGAQH,0,0,2689
VTPVYYIPLEAV,1,1,351
GFLTFCPTNLGTTVR,0,0,2671
DSFQISWSAIWSTGF,0,0,2547
ENRYCVQLSQIQGLI,1,1,678
RAPRKTSERSQPRGRRQPIPKARR,1,1,283
RHNWVNHAVPLAMKLIQQLN,0,0,1595
EAHVKITKLSDLKAIDDK,1,1,378
MLVVAFEGSFLVQYIS,0,0,3330
AENPRMEPRARWMEREGPEYW,1,1,713
VIASLTCGRRFEYDDPRFLR,1,1,673
FPTLLLIVTLYRLALNVATTRM,1,1,948
LLSVSTYTSLILLVL,0,0,2338
VKGCQGLTVLDDGAGGKKLH,0,0,2421
LFDYNEKVDNLGRSG,1,1,195
DVVPEKYTIGATYAP,0,0,1786
LKNCVDAKMTEEDKENALSV,1,1,493
TPESATPFPHRKGVL,0,0,3378
SSKAATAKAPGLVPK,0,0,1972
APEADQTTPEEKPAEPEPVA,1,1,27
FYMFEDFLVYKSGIY,1,1,1016
LREEEYKQQIKTLNT,0,0,2215
YVEGKRVDYNHHHST,0,0,3310
GKLEYSYCAPEAGWQCA,1,1,729
RNVFDEVIPTAFKIG,0,0,1947
ISEIRDQSSTSSTWAVSSAS,1,1,1018
EDYAKEGFRAPLQSK,1,1,758
SDYVYQPFPKTVWEQ,0,0,3780
SLLLNGGCKVSNYDE,1,1,1153
KDPGMGAMGGMGGGMGGGMF,1,1,693
FETNVSHNVQGATVA,0,0,3514
VVLGLATSPTAEGGK,0,0,2011
EYKSDYVYEPFPKEV,0,0,3509
ASDVVKKMVGETVESA,0,0,2062
FLALIPIDQILAIAA,0,0,2186
GMILFYFIKSLGNNLLHKN,1,1,949
DVASIHLLISRP,0,0,2275
ERVQDNIVNRISDRLISYCT,0,0,1496
YQGVQQKWDATATELNNALQ,1,1,366
GLFGAIAGFIEGG,1,1,895
QKRAAQDAAVDAACG,1,1,898
PPLMTDGGGGHSHDSGHGGG,0,0,3735
ALREKVLGLPAIKAW,0,0,3645
RLFHTQPSITYQTLK,0,0,3069
RIAHRIKGFRSLPFIIGCNP,1,1,1250
EPLDVPDEPEDDQPRPRGDN,0,0,1492
QLQKNFQAISSSIAEIYNRL,1,1,746
DFWQMVWESGCTVIVMLTPLVEDGV,1,1,1026
LVRLLKQLKVSQIME,0,0,2923
AAIANYHYDADENSK,1,1,842
LSSNDLAKYKANWIE,0,0,1895
YTDKLIHLTNALAKAVIH,1,1,1100
ASLTEALRVIAGALE,0,0,3372
VIMGNWENHWIYWVG,1,1,1090
EKSGSISTNMVEEIL,0,0,2589
FLPFSAGRRACLGEPLARME,1,1,612
SNYLLFYDQHYYEEK,0,0,3119
RALPVVLENARILKNCV,1,1,1400
APAPKTGWKQENGMW,0,0,2082
IGTGDDCIAIGTGSSNITIK,1,1,489
LTKVNATEPERTAMKKI,0,0,3670
AEGGKATTEEQKLIE,0,0,1740
VIVELIPSTSSAV,1,1,1439
NGFDLDENPENPPNPPNPPN,0,0,3697
EVIPTAFSIGKTYKP,0,0,3506
EAAFNKAIKESTGGA,0,0,1787
VSAQVVDNMLVVEAPMMKQH,0,0,2422
PIYIVTPTNASHIQS,0,0,3730
VFFEEQEDEIIGFG,1,1,608
EHFDVDLDNVVNVKV,0,0,2581
QEGDWPNLKPSMPFG,0,0,2247
YEKLKPKYISDGNVQ,0,0,2239
QSKFYETLNPVVQQN,0,0,3040
MALTGDATAVVLDMT,1,1,1139
MEHDLERGPPGPRRPPRGPP,0,0,3677
VNQHKKAIEEDLKHF,0,0,3242
AGEYIISTRVRCGRS,0,0,2445
DRIEKDRLQGMAPAA,1,1,1035
PYGATISATPEWATP,0,0,3749
YGDAEKPAESGGSQPPRAAA,0,0,3435
DAFDREKKGCISTEM,0,0,2496
NVIIHGLYLYGCSTSVLG,1,1,452
ITAMSEVQKVSQPAT,0,0,1857
MCSGKFSIDKEMAET,0,0,2383
SGIPYIISYLHPGNTILHVD,1,1,567
TTLITNLSSVLKDEAVWEKP,0,0,2044
SSCEVALSYYPTPLA,0,0,1971
RGSRPSWGPTDPRRR,0,0,1593
YISPYFINTSKGQKCEFQDA,1,1,698
YAIGGSSNPTILSEGNSFTAP,0,0,1686
EKPKFEAYKAAAAPA,1,1,76
LIKGRTPIKFGKADCDRPPK,1,1,197
IAVGLLLYCKA,1,1,140
APTGSGKSTKVPAAYAAK,0,0,1460
GMAKGVGIQVLKDGS,0,0,2066
SEIEEFRDRARVPLT,0,0,1958
AQGYKVLVLNPSVAATLGFG,1,1,995
STRMELQHLQSIEVF,0,0,3142
ATEGQVRVNSIYQDK,1,1,461
TLDISNNRLESLPAH,1,1,318
ANGAMATGWAKVNGS,0,0,3681
SFEYFPSHFFVPELEVTIIC,1,1,555
EQQARDANIRAEKAE,0,0,2604
GRIRVLQRFDQRSRQ,1,1,1092
STDSTLVYKIQPVNN,0,0,3141
CPTNLGTTVRASVRI,1,1,1110
LDYHVHGRTFSSLFQ,0,0,2872
NPNEPSNPNEPSNPNEPS,1,1,251
QEVIDLGGEAIHSTE,0,0,3021
PPERPFQATGITYTFPTDA,1,1,1009
ELEKYQKLNSERGVPN,1,1,78
PPERPFQTTDITYTFTTDA,1,1,1010
SEHIWCEDFLVRSFYLKNVQ,1,1,442
ALEDDLLNRNNSFKP,0,0,3619
QGFRIPKGTTLITNLSSVLK,0,0,2038
GKVTEAQFSPVNTQF,0,0,2688
DDNGPHDPLPQDPDNTDDNG,0,0,1471
NKEKVVGRIISSTPF,0,0,2386
YTVFETALKKAITAM,0,0,3444
VDEIIAKVRSLRP,0,0,1651
KFIPALEAAVKQAYA,0,0,3607
TYLSVDRKMYWQFKM,0,0,3209
ITDNPYMTSIPVNAFQGLC,1,1,577
PQDPDNTDDNGPHDPLPHSP,0,0,3741
AAIFLYNLSVKSGYFL,1,1,930
MLMRTDPFRELDRFAEQVLG,1,1,230
NYFVEIDRFPYQLHT,0,0,2984
DNQLQNGIKRVKEFL,1,1,1262
SGFLREVLNAVPVLLHIPAL,0,0,2042
NTGLKMFPDLTKVYSTDIFF,1,1,617
IAYEPVWAIGTGKTA,0,0,2746
QVGSFIVSYLRNLRA,0,0,3043
RLVHRIHQHSIIPEQ,0,0,3072
QFYPLTGMTKEVQQK,0,0,3025
AAPAEGEKPAEEEKPITEAA,1,1,1
IPPSLRTLEDNEERMSRLSK,0,0,3580
SHLVEALALVAGERG,1,1,444
NYLALLVKFVAGDGD,0,0,1920
CDVGSDWRFLRGYHQYAYDGKD,1,1,709
SEKYKSDLDSIKKYINDK,0,0,1662
VTEIKKDENNAVPSM,0,0,3255
DSDKNPLFLDEQLIRAEFQR,1,1,62
IIRFDENGVLLNNSF,0,0,1533
SQKDLLEQRRAAVDTYCR,1,1,749
GVCWTVYHGAGTRTIASP,0,0,1519
HLKNVIQGKFGLDAT,0,0,2732
LNVVKTGRLMLGATD,0,0,2906
PAHLLKYDTTQGRFD,1,1,1077
TDDNEEPIAAYHFDL,0,0,3363
GDLLAEIETDKATI,1,1,565
CGRRHSVRIRVRSGG,0,0,3459
EKIEKTEEPAPEADQTTPEE,1,1,75
DGPIRRNPAGNVARP,1,1,586
QESLLKANIQLVEKD,1,1,274
NIVDEIKYREEVCNDEVDLY,0,0,3699
THIDAHFLSQTKQSGENF,0,0,1618
KTFLVWCNEEDHLRI,0,0,2856
ERMRKVLENRSLSDE,1,1,1274
LPLLANNRERRGIALD,0,0,1712
GSKLEDVKLNMLGKA,0,0,2699
DSEEPLQGPFNFRFL,0,0,1784
PNKSKLGANAILGVS,0,0,2999
YLEASGAMKASQWFK,1,1,770
AALAAAAGVPPADKY,0,0,1733
ATTANVPPADKYKTF,0,0,3440
SSGKYEGGNIYTKKEAFNVE,0,0,1611
VVPAFYEIYPFLFVE,0,0,3261
DNEILQIVDELSEDITKYFMKL,0,0,1476
FNIQYVNYWFAPGAA,0,0,1818
TTCSDKSRPLNDLVS,1,1,323
QKKWDPLKKETIPYY,1,1,847
QAPEYRGRTELLKDAIGEGKVTLRI,1,1,1173
SSSQFQIHGPR,0,0,2018
INADGTCGNGWVCEH,0,0,2767
DQMWKCLIRLKPTLHGPTP,1,1,996
LESYAYSLKNQLADK,0,0,2877
MASSSSVLLVVALFA,0,0,1906
LVGPFNFRFMSKGGM,0,0,1898
KDKFNKIPAEKKLIV,0,0,2295
PGDSLAEVELRQHGS,0,0,3720
DNYANLEKFRALSKI,0,0,1478
WVPSKKCHLTNIACL,1,1,1159
DNLKTKKTPTFGSTL,0,0,2534
KTNLKHVAGAAAA,0,0,1546
GIGTVLDQAETAGARLVV,1,1,122
LEDARRLKAIYEKKK,1,1,191
PGTRINQETVSLDANGVSGS,1,1,1084
LSGTSMASPHVCGLGAYLIG,1,1,208
TNLTDALLQVRKHLNDRINR,1,1,320
PEMGDQAHMPYTTAVIHEVQ,1,1,667
EGFTRLSFTAEEKAAH,1,1,807
YWFAPGAGAAPLSWS,0,0,3447
NGDGDVVAVDIKEKG,0,0,3696
KDVLSVAFSVDNRQI,0,0,2808
RQNIHSLSPQEREQF,1,1,596
SILLMEGVPKSLN,0,0,2069
IRRSILPYGDSMDRI,1,1,1040
GAVDIINKWQVVAPQ,0,0,3525
RFGISNYCQIYPPNV,1,1,1403
FVNQHLCGSHLVEALYLVCGERGFFYTPKA,1,1,1282
TFYSGETIHKIVLNP,0,0,3170
SGHESDSNSNEGRHHLLVSG,0,0,3785
EGVAVLGTYSNHTS,0,0,1489
WILTAAHCVNGQSAKKLSIR,0,0,2354
GAGDENIEDRGMLATV,1,1,108
SVLKDEAVWEKPFRFHPEHF,1,1,671
LPMDRFMVGIPHDPLGMMHE,0,0,2407
EPLHYDRPFQTEYNP,0,0,2600
AAKPAAAATATATAA,0,0,1732
AANGHVIYVQIRFSV,0,0,2159
ANILLQIDNARLAAD,1,1,677
LLILRAIPKGIRDKGAK,1,1,853
KERYSTLYISNAQVE,0,0,3604
AEFFRNIYANNLKLARKIFKDTL,1,1,1263
YQEGVLKLSIPVAERAKPRK,1,1,365
GKARTAWVDSGAQLG,0,0,1833
HDKKSMGDDHFWAVR,0,0,3559
EIQPFTYTKPFKTPY,0,0,2583
CNANPGLMKDVAKVF,0,0,1773
FKSGRGCGSCFEIKC,0,0,1811
LNSKIAFKIVSQEPA,1,1,470
SGLVWGQKYFKGNFQ,0,0,1960
LIQRLKDKGVDVDHF,0,0,2212
AWDQPIADNKTKEGR,1,1,857
WEKPFRFHPEHFLDAQGHFV,1,1,674
SVRIRVRSGGHDYEG,0,0,3354
DNQPTVTIKVYEGERPLTKD,1,1,815
QKFNMEYFKVAFKPT,0,0,3029
IVPLGVTHMTSRDIEVQGFR,0,0,2032
GVLIFGKQGSEKTNV,1,1,404
CAELCDPSNKPGHLL,1,1,1034
AITAMSEAQKAAKPA,0,0,1745
MDRADTLEQQNKEAN,1,1,227
NKGAFKYIKPQSQFI,0,0,1570
VPPADKYKTFEAAFT,0,0,3406
ELQVIEKVDAAFKVA,0,0,3494
MCLNTFVLKKEVSET,0,0,2382
TALKKAITAMSEAQK,0,0,3362
KPTAAGPKDNGGACG,0,0,3622
KEFANVVRVVRHTSK,1,1,1133
VFTDNSSPPAVPQSFQVA,0,0,1631
KSDNQIKAVPASQAL,1,1,369
HDPLPQDPDNTDDNGPQDPD,0,0,3560
PDFLALYNAIKSPEF,0,0,2222
NQNLRVAKISMPVNT,1,1,412
DDGVPTRIRSAVLDV,0,0,2504
PIRALVGDEVELPCRISPGK,1,1,1377
GTNLTHQDNVPSWGLARVGS,1,1,134
TRMQTQINGLNQGVSNAND,1,1,1052
SLYNLNYIGSEDSIY,0,0,3113
QPNSHPRRQEYLSKS,0,0,3036
PEEFAVVDLSKMRAV,0,0,3717
SNEILRLKGLMNSILAQNSGQSLEQ,1,1,1420
LSFLPSDFFPSVRDL,1,1,207
VRHRIKEHMLKKYTQTEEKF,1,1,345
HTPGVHMASLSVYLKTNVFL,1,1,440
EQNVRSAGELELQFRRVKCK,1,1,84
IHIGDSSKVTITDTT,0,0,3568
GDLSYSTSLVKAHSM,0,0,2666
QRNSHDSSVVAQEQD,0,0,3039
RLTDDGVLMLEAPVKVGENK,0,0,2415
RVIAQGPTATFEAMY,0,0,3775
KNCFLYFKNHSKIGKIF,1,1,1336
DRNTQRQTVRYSVSE,1,1,1011
SKTSASIGSLCADARMYGVLP,1,1,515
EEPYFLISNLPYYIATR,1,1,944
LQVRGTRGEHTEAEG,0,0,2910
FYPELFRQFYQLDAYPSG,1,1,107
QGENEKYLPFLNNIETLY,1,1,393
GYYRRATRRVRGGDG,1,1,137
QTGKPGIAGFKGEQGPKGEP,1,1,1399
AFVKHLTALENTDGH,0,0,2441
EITGIMKDFDEPGHL,0,0,1795
AVFGEIRTTKRFPID,1,1,1108
PRPSHHGVFAFLLSPSPYEL,0,0,3744
VTHESYQELVKKLEALEDAV,1,1,350
CDKKCIEWEKAQ,1,1,41
GIAGNKGDQGPKGEP,1,1,1289
YKIADPICTFIFSIL,1,1,887
ENPVVAFFKNIVTPR,1,1,1270
NPERMFRKPIPSTVKAGELE,0,0,2055
AATGAATAATGGYKV,0,0,3470
ASAAIFGHDGTVWAQ,0,0,1759
HEFCRMIQLPKSIENNQLKC,0,0,2406
PITAKAIAASVG,1,1,684
HFKSLGQTYTPADKS,0,0,1650
IQVVLELLKALSFRKIILN,1,1,955
KNMTYVNTSLVLAFS,0,0,2842
LVKFVAGDGDVVAVD,0,0,3672
EYLNKIQNSLSTEWSPCSVT,1,1,94
SYVPSAEQILEFVKQI,0,0,3357
MSNKFLGTWKLVSSENFDDYMKALGV,0,0,3682
RTFVATFGAASNKAF,0,0,1950
SSASAIIAEAQK,0,0,1610
WRLGATIWQLLAFFLAFFLD,0,0,3425
LGPEAPHVDYTQLGR,1,1,1209
VNGSWYYLNANGAMA,1,1,769
MNHLGNVKYLVIVFLIFFDL,0,0,1566
ILSCSRDKTLIVWKL,0,0,2764
HSRAPSPLYSVE,0,0,2154
DFDSVIDCNTCVTQTVDF,1,1,1258
NLKNFTFYSGETIHK,0,0,2967
EDLTLNDLETDVCTMDKCAG,1,1,69
FGSTLLDVIQSGLEN,1,1,1121
LERAEERAETGESKI,0,0,2875
LQSKLDAKKAKLSKL,1,1,761
PLLCVGLRPQWE,1,1,685
SPSLWEIEIAKQLASV,1,1,1423
TGKIINFIKFDTGNL,1,1,854
KREEEAKTKFNTVRA,1,1,759
ETTMRSPVFTDNSSPPAV,1,1,91
LVKYVNGDGDVVAVD,0,0,3673
PIIIDQKYCPNKICT,0,0,1930
ISFSEQQLVDTSGPW,1,1,1019
FRNAVAGTAVSNWWD,0,0,2645
LVTRHADVIPVRRRGDSR,1,1,1355
SIHKFEFASKNKVTY,0,0,3103
HLFEWKFADIADECE,0,0,2731
GATRDRPLWIIFSGNMNIKL,1,1,112
QSAVVCGRRHSVRIR,0,0,3760
PVRPYEYSRRSLYYS,0,0,3012
GAGSLQPLALEGSLQKRGIV,1,1,1283
QTKLNLTAEIDQLEQRADNL,0,0,2078
TIVIRVQYEGDGSPC,0,0,2392
ASINKFVVLISATLVLSFAI,1,1,34
PPEQPFHSYGVTYTFATDA,1,1,1008
PDNTDDNGPQDPDNTDDNGP,0,0,3716
VFLNAFNTYFRYMYP,0,0,3228
QEFDDAVKENNSIKI,0,0,3020
GEKDFEDYRFQEGDW,0,0,2244
PPNPPNPPNPDIPQQEPNIP,0,0,3737
GQFEDFFPASSRDQS,1,1,1044
NILNDAQTKLLA,0,0,2276
LKKPKDRNDLI,1,1,479
IVTPRTPPPSQGK,0,0,3590
QFLGVPYAAPPLAERRFQAP,0,0,2335
SPYFVTNTEKMITEF,0,0,3120
WANLMEKIQASVATNPI,0,0,1641
TEADLKKAVNEPEKP,0,0,3367
MKLFPLVALLVLVVG,1,1,1140
VIQTYTNVDQDLVGWPAP,1,1,333
KAMVALIDVFHQYSGREGDK,1,1,1047
ECYDAGCAWYELMPAETT,0,0,1483
VYKPQVPIMNIYSAF,0,0,3266
KDDWENLEIDMIVDT,1,1,843
LYQAQYNLFIYNKQLQEAH,1,1,222
NYLALLVKYVNGDGD,0,0,3710
RLSLARANSVKSALV,0,0,2270
LGNVLINESFGVEPVHPQDG,0,0,1550
IPSCPEGTVPLYSGFSFLFV,0,0,2052
CTNAKVTAKGVSEAN,0,0,1775
MTCENQNPCFPIQLP,1,1,1363
VGAALGIELTPWLGF,1,1,863
FLVNGRDVQNNIVDEIKYRE,0,0,1503
GGGPDNGPQDPDNTDDNGPQ,0,0,3533
LHRSGVLIIHHLQEDYRTY,0,0,1676
TDLKVYYGENHVVLK,0,0,3158
HPSYKKLRARIRKDTVFIVP,1,1,1183
KTSLYNLRRGTALAIPQCRLTPLSRL,0,0,3627
ISATPEWATPFPHRK,0,0,3587
PEHLLIPKGKKGGQA,0,0,2991
KKGAGGITIKKTGQA,0,0,1869
PPSWDQMRKCLIRLKPTL,0,0,3738
IHKASTVLAFPAGVC,0,0,1850
VDIINRWQVVAPQLP,0,0,3392
KLCPNNLCCSQWGWCGSTDE,1,1,173
SCITYQRGSHAGNKL,0,0,3088
LLAVLTAAPLLLAAA,0,0,3321
GKKQKHRNVKSHRIR,0,0,2682
FLVGCHPSDGKCNLYADSAW,0,0,1502
GKESCFCYFDCS,1,1,124
TKYEYDVPRHGEQFY,0,0,3181
QKRAAYDQYGHAAFE,1,1,460
NNLGRINTHVQKGYM,0,0,2971
TVRAMVVPEPEQLAE,0,0,2105
VIKGGRHLIFCHSKKKCDE,0,0,3396
GAYYGSGTPSSFP,0,0,1506
MDAIKKKMQAMKLEK,1,1,226
TPPSPAKTDEQKKESKFL,0,0,1663
DQLKAAEENNNVEDY,0,0,2090
YGSLPQKSQRSQDENPVVHFF,1,1,526
LSQTKQSGENFPYLVAYQ,0,0,1558
IIPEQVTVGDSYDIE,0,0,2756
SSYNYIKDSIDTDINFAN,1,1,397
NNGGKDGNLTNGPEL,0,0,2267
SLENFMNITGSINLM,0,0,3109
LYYKPTCVVDSSYIN,0,0,2929
TAKAAGKSVMNMSLGGPRSE,0,0,3360
KIYNRNIVNRLLGD,1,1,170
MSTNPKPQRKTKRNTNRRPQ,1,1,238
TPAETTVRLRAYMNTPGLPV,1,1,321
KCKYPEGTKVTFHVE,0,0,1862
PAYFKMNSPSLWKYN,1,1,1141
AWVDSGAQLGELYYA,0,0,1768
RCTVCEGPAIAIAVHSQTTD,0,0,2057
ANNNYDPWTIYAIGGSSNPTI,0,0,1678
LYTVTNSDDDPVNPAPGTL,0,0,1683
PTLKFFRSGSPIDYS,0,0,3009
FEAIKKLINDDTKKDMLG,0,0,3510
VPDFETVYMDQLFKL,0,0,3244
ENGLISRVLDGLVMTTISSS,0,0,1690
DELKHLIKNACSILP,0,0,2287
DKGPGFVVTGRVYCD,0,0,1782
PGIKADSLDIDIERNVVTVR,0,0,1581
MFARYMLERYSNDMP,0,0,2933
VTEEAACLCAAFANHSGRPF,1,1,1446
EPTPVTPQPQELTED,0,0,2260
ENVIDVKLVDANGKL,0,0,1798
LVVFSDPNADAATSV,1,1,218
LRVGGRCHPHVNGVF,1,1,1101
GNTPIFKSGRGCGSC,0,0,1841
NASHCNEMSWIQSIP,0,0,3690
IHAQQKEPMIGVNQELAY,1,1,1312
ITKLGAKPDGKTDCT,0,0,1860
QKRAAQAARVEAACG,1,1,897
GKMVAPSFTAEEKAQK,1,1,1293
RCLVKEIPPRLLYAK,0,0,3764
ANIDMLRLSEHLDYV,0,0,2462
YDEPMTPGQCNMVVE,0,0,3432
TASCGVWDEWSPCSVTCGKG,0,0,1615
ITGRLAALNAYVSQTLTQY,1,1,741
GCGSCFEIKCTKPEA,0,0,3526
EIYNKQKGMLVSHIN,0,0,2585
EVVNDVSTFSSGLVW,0,0,1804
DQMWKCLIRLKPTLHGPTP,0,0,3476
EVVKANGGYLAAGKL,1,1,824
TPAAPAGAEPAGKAT,0,0,1986
EEKANLREEEYKQQI,0,0,2572
VVGVLSQKDPHVWDG,0,0,3258
GATVAVDCRPFNGGE,0,0,3524
PGPVGPPGSNGPVGE,0,0,3725
GIAYFSMVGNWAKVL,1,1,997
IPADKVFLRKQWDVL,0,0,2770
LSPQVLAAVIFIYFAA,1,1,1214
PGPNITATYGGKWLD,0,0,3722
TIDGRGVKVEII,1,1,1065
HVWDGRSAIVHLFEW,0,0,2740
VIASLTCGRRFEYDDPRFLR,0,0,3395
TVWEQILNTWLVKPG,0,0,3384
DPDNTDDNGPHDPLPQDPDN,0,0,3474
DGNCEDIPHVNEFSAIDL,1,1,55
STGFYLCTARSSLGS,1,1,784
TAALSYTISRMEESSVTL,0,0,3359
SVRTTTDSGKLITD,0,0,1614
KLIAYPIAVEALSL,1,1,851
GSWYYLNANGAMATG,0,0,3552
NQLNEIRHAILAAGD,0,0,2972
AVNIVGYSNAQGVDY,1,1,794
NYPTFFNSTEYGVQF,0,0,2986
STWLLKPGAGIMIFD,0,0,3351
GGSILQTNFKSLSSTEF,0,0,1512
VEAGLKVAATLHTAT,0,0,3222
MANSRAFALVLLFCA,0,0,1905
TLVLNRLKVGLQVVAVKAPGFGD,1,1,697
EQFLGALDLAKKRVH,1,1,589
GSAGPPPTGEEDTAELHHHH,1,1,817
CVVEKTTTRRICKLD,0,0,2492
GGDQGPPLMTDGGGGHSHDS,0,0,1511
LARYGPAWREQRRFSVSTLR,0,0,3637
NQELAYFYPELFRQFYQL,1,1,252
KTLVKFVEGNLKYFN,0,0,2857
WARMILMTHFFSVLIARDQLEQ,0,0,3419
KVPKLAADKKKLEEV,0,0,2862
SNKYHTKGDHEV,1,1,1421
SVPGVNPNNAAALPGK,1,1,721
GLIVDTRDVEERVHV,0,0,1515
KQTAIEIEQLNARVV,0,0,2849
KIFQDYPLQQTYAPV,1,1,1205
HTKLSSSSSITLTLP,0,0,2737
QKLIEDINASFRAAM,0,0,1940
SVRLQSWQSEMLRMN,0,0,3147
FAVVDLNKMRAVWVD,0,0,1807
KLEEKFPQVAATGDG,1,1,174
DWMEEEEGAQREKE,0,0,3480
LLVRIQQPNYYADQY,0,0,2899
IMDINKRKYDSLK,1,1,153
NREEYARFDSDVGEYR,0,0,2119
MHWVRQAPGKGLEW,1,1,744
LASLIYRRRLMKQDF,1,1,593
KEIYNYMEPYVSKNP,0,0,1864
FEVGATYYFNKNMSTYVDYI,0,0,2311
FIKEFPVVSIEDPFD,0,0,2628
LIYDAAVEGDLLLKL,1,1,199
AHPADPGSRPHLIRLFSRDA,1,1,15
LQKKIQQIENDLDQT,0,0,2214
WEQIFSTWLLKPGAG,0,0,3421
FLLMDALKLSI,1,1,1081
LYQAQYDLSIYNKQLEEAH,1,1,221
GKKDTTSGQKLKVVA,0,0,2294
DAYYNYLNNLVLASYNR,1,1,940
TDKHPPKDWGDVDTL,0,0,3157
GDDSWKFRLDGVKIG,0,0,2187
VFVDNHDNQRGHGAG,0,0,3230
YTRIMMNGGRLKRSH,1,1,1103
VNNLARTTPDRQAAC,0,0,3403
LRGFPGDRGLPGPVG,0,0,2139
KAFAEGLSGEPKGGA,0,0,3595
KIDAAFKVAATAAAT,0,0,3612
TAVYFSEKYNDV,1,1,315
DGQGKAVWGKNSCAK,0,0,1778
LLEMLWRLGATIWQLLAFFL,0,0,1551
ISSSIAEIYNRLEKVEADAQ,0,0,2072
AVRLSKDIAADLQGE,1,1,1109
ANGKLHDKKSMGDDH,0,0,1748
KMQAMKLEKDNAMDR,1,1,177
DDLTVTNPTRIQTAI,0,0,2505
TPFPHRKGVLFNIQY,0,0,3379
AKYLWEWASVRFS,0,0,1455
KAFSAPYSVLATDYE,0,0,2201
SDDFFVGRVGGVATYRNSNF,0,0,2328
QIFTDSIAEQGKEGD,0,0,2303
AARKLYKLENDHPNY,0,0,2431
KSMVILTSTVTAGTAE,0,0,1699
YYEEKKRNQFCLSWS,0,0,3313
EAKYDAYVATVSEAL,0,0,3483
EIFSFLISLIFIYETI,0,0,3323
AQGPKATFEAMYLGT,0,0,1757
ENSYEKSMSVV,1,1,82
YVYEPFPKEVWEQIF,0,0,3446
MSESLAIARFIARK,1,1,237
RDLLKLLVRIQQPNY,0,0,3054
FETIVVTVDSLPEFK,0,0,2183
KKSLELLLETPGSKT,0,0,2834
SYYYFNYPTFFNSTE,0,0,3153
KTYKKPTNFNHTKLS,0,0,2859
GFLSTDVLDIGGLKV,0,0,2670
AKQRFNHAIRGKRSV,0,0,2451
KYLATASTMDHARHGFLPRH,1,1,512
PSSPNATIVGGVKAKAGDCP,0,0,2350
EKRHVLGRLITVNPI,0,0,2364
PGAIGTDGTPGAKGP,1,1,810
TFFNFGYVALTIKHV,0,0,3167
RGLDVSVIPTSGDVVVVS,0,0,1592
YLAWQAGMDMCSAGW,0,0,3437
LIKDAIEKAGYTGKI,0,0,2884
KARMMEYGTTMVSYQPLGDK,0,0,1700
DEDQKKTEEKAALEK,0,0,2088
KLTYCPVKALGEPIR,0,0,2206
SLLGHITDPFHKHGV,0,0,3111
GQKYFKGNFQRLAIT,0,0,1843
NSIKIQLYTHALGVT,0,0,2974
GIVVAWKVRLLPVPP,0,0,1832
RFFTLGSITAQPVKI,0,0,2121
VNGRTVCNDRNRPTAIKIDY,1,1,499
FQDGEHFGEIIFGGS,0,0,2642
TKKIFDLTVANRTEA,1,1,903
VSHINVTVERKGREL,0,0,3252
KLVFFAEDVGSNKGA,1,1,451
FGIVGAYGAADRTNLQEAQP,0,0,2312
GYFFGFQGEKYPLYE,0,0,2710
DSLTISNLTTSQQDI,0,0,2549
VPEKYTIGATYAPEE,0,0,3405
ADKDVVVLTSSRTGGV,1,1,583
LLADLQHSINKWSVIY,1,1,889
PHDPLGMMHEMDRHIEELQN,0,0,2413
PYYTTQSYETKLLFD,0,0,3015
RCMCEALQQIMENQSDRLQG,1,1,1402
SKKDYEELLEKFYEM,0,0,1601
LLTAMAMVTAKLATV,0,0,2898
VSSKRNLADAVSKAP,0,0,2008
MVEADLERAEERAET,0,0,2949
HDDRLGFLTFCPTNL,1,1,1127
QPCNGVTMNDVKIEY,0,0,3758
KYDAYVATLSEALRI,0,0,3632
CATDTLANEDCFRHE,0,0,2481
DERGTPEYNIALGQR,1,1,52
SSSSSSEEHHSHNQK,0,0,3138
NDKSDRYIPYSPLPPNVLDN,0,0,3694
VVVSTDALMTGFTGDFDS,0,0,1640
ERVRYLDRYFHNQEENVRFD,1,1,1276
MQTLWDEIMDINKRK,1,1,235
GILQAYDLRDAPETP,0,0,3538
GFRVDAAKHMWPADL,0,0,2672
LEIPDRDSEEELENI,0,0,3326
GLNGPDIYKGVYQFKSVEFD,1,1,126
SGPFFTFSSSFPGHS,1,1,507
VAFNMFTDNVDQ,1,1,841
ETQLYCGQAEGGSEG,1,1,1200
SDSAGNDGGPPQLTEEVENK,0,0,3779
IGTLKKILDETVKDKLAK,0,0,1532
AGAEYKQKQINGNFY,0,0,2256
IYKASPTLAFPAGVC,0,0,3593
ALLFLHLFNGLSTSLPL,1,1,937
IDTDINFANDVLGYYKIL,0,0,3565
KGGKGLGKGGAKRHR,1,1,1327
YNHNNLLTKFLSTGMVFE,1,1,402
SVELIDIGGNRRIFGFNALVD,1,1,309
GTSLTIPCYFIDPMH,0,0,1688
AVSRVIADGDNLKNF,0,0,2478
IWYINCFGCETHAML,0,0,3592
WQFKMDKIQIGNGSF,0,0,3270
GEQFYYFNQQMFARY,0,0,2669
LKRRIMPEDIIINCS,1,1,464
LTPWGCYAKDMALFV,0,0,2919
SGTNNKTMAVCTNAK,0,0,1961
NGMWYFYNTDGSMAT,0,0,2099
KHKLKKSELKELINNELSHFLE,1,1,1048
RVFESTVTGRCEALY,0,0,3081
IRARNYRLNHKPFTY,0,0,2779
ILAHFQVAPQETARS,0,0,2761
PRVGEDRHILPRFTI,0,0,3005
EFCTLASRFLVEEDA,0,0,2575
PINSQLDYHVHGRTF,0,0,2997
MNYYGKQENWYSLKK,1,1,233
NSNSEVRKIKATQNE,0,0,2975
VETYVLSIVPSGPLKAE,1,1,656
SLLTEVETPTRNEWECRCSDSSD,1,1,561
TRGTSEEGTLGNAGV,1,1,862
AGTWSALNSIQQFIS,0,0,2449
GSTSDYLKDAYEVGDDGKVH,0,0,2405
ILNTWLVKPGAGIMI,0,0,1853
KLQKTYSQYKVQYDM,1,1,175
KCIEWEKAQHGA,1,1,161
QFISANFTLKDNTRA,0,0,3022
NELLLDLSLTKVNATEPERT,1,1,495
EVLEFHQSLGALVEGTGHLL,0,0,1719
WGYIPDGDALVFVDN,0,0,3268
GEALSTLVLNRLKVG,1,1,535
NLLLDIFNQTKLNLTAEIDQ,0,0,2075
ETTTASGLVIPDTAK,0,0,3504
AVIRGKKGAGGITIK,0,0,3450
DCVMATGLYHCKPLVDILILPGYVQA,0,0,3463
FRAAMATTANVPPAD,0,0,1819
DSERLRHALMTWGDK,0,0,2546
YADQYEIGQSYDIEA,0,0,3274
NTTFSNASAVIQEFL,0,0,2979
PKYISDGNVQVKFFD,0,0,2223
GKAIPLEVIKGGRHLIFC,0,0,1514
LIPTDQVLAIAADYL,0,0,2211
QQEVDYIIDHVDQHN,1,1,277
LFTGLNYDVPTKDIF,0,0,2879
VDSITEVECFLTPEM,1,1,878
DNKEYISGLDRKVEV,0,0,2533
QRPGFGYGGRASDYKSAHK,1,1,540
TSVQGYAFNGTKLDAVYLNKNKYL,1,1,620
ESSPNTQWELRAFMA,1,1,1277
HVNSKVGSKSQTTTT,0,0,2738
HHQRLFMVQSLERVV,1,1,1128
ILTVSVAVSEGKPTEKHIQI,0,0,1536
AEVDCSRFPNATDK,1,1,8
GAKPSECISIAWSADGNTLYS,1,1,109
LVLDFCDDALIEGIT,0,0,1901
YGIAAENVIDVKLVD,0,0,2015
MADDMERIFKRFDTN,0,0,1904
MNPNQKIITIGSISIAI,1,1,649
DPKELLARIQSLLRRSHKKE,1,1,942
VSQIFPDSVMLAVQE,1,1,349
NLAKTVLSNLLDGNLQG,1,1,392
IQYVNYWFAPGAGAA,0,0,3585
EWATPFPHRKGVLFN,0,0,1805
QATDDSGHESDSNSNEGRHH,0,0,1584
KNQKKIRGILESLMCNES,1,1,614
GGVGLASTLWYAESNALSKRLGEL,1,1,1288
GNKGFVAFNDEFNND,0,0,2693
AAAGAEAGKATTEEQ,0,0,1726
RFLWQLKFECHFFNGTERVR,1,1,747
NPKFENIAEGLRALLARSHVERTTDE,0,0,3702
HEACYDQREPQAWCRP,1,1,730
YPGVYSNVATLRDFV,0,0,3300
TPNMFMKDVFIFHKK,0,0,3190
AETQHGTVLVQVKYE,0,0,2360
RLFGAEVGWLALHHN,1,1,1150
DDQPRPRGDNFAVEKPKENI,0,0,3465
KLGDKEMIQHYTLDQ,1,1,1135
QNPEIIPANLLPTYN,0,0,3034
SCTGKTVTVGSDGKA,0,0,3089
GQEYTFYVIVTPYAK,1,1,1126
PDNVKPIYIVTPTNA,0,0,1925
IDDYLWVEQRVIEEVSINV,0,0,1529
VLKMVAELTHTESNN,0,0,3240
LDEVYNAAYNAADHA,0,0,3641
AKPRKISVDRGNNGHQTINK,0,0,1454
LDVAEGDTVIYSKYG,1,1,190
TATAAVGAATGAATA,0,0,1977
TKFILVLTGEERQGV,1,1,1432
DGFLVGGASLKPEFV,0,0,2513
DVDTLGNLDPAGEYI,1,1,1117
GLLAEITPDKAFQDK,1,1,125
KVFLKNYLVGNAQFK,0,0,2860
PVWYGLDMNRGSQFA,0,0,2144
TKDIFYNNLTVYYDH,0,0,3178
GLIGLIGPPGEQGEK,1,1,1294
DIPEQEPNIPEDSEKEVPSD,0,0,3468
STADTYNLQYPAVPY,0,0,3140
IPKGKKGGQAFTVYV,0,0,2774
WTILKPSDTINFESN,0,0,3427
VGINGLIDDVIAILP,0,0,2235
NVVKTVVTPVYY,1,1,254
VDLLVNLLPAILSPGA,1,1,1003
FTVYVIVTPYDKAVE,0,0,2654
AVQVTFTVQKGSDPK,0,0,1765
SSGKASYESFQNFRV,0,0,3130
PQLTEEVENKGGDQGPPLMT,0,0,3742
GNQWVGYDDQESVKSK,1,1,467
RHRIKMGASLLQIYSA,1,1,978
KISQAVHAAHAEINEAGR,1,1,850
KEDFLRCLVKEIPPR,0,0,3601
GNTHILHYLRPYIIQ,0,0,2695
NENIKKLLEDIDKI,1,1,243
HGRQIRMAKLLGRDPE,1,1,139
DEQEYYVKLGASVTG,0,0,2509
SLVLPPTDAPSEKAL,1,1,1233
VIYLKPLAGVYRSLKKQI,0,0,3399
GAQLGELYYAIYKAS,0,0,1826
LSGLEGELKGQFYPL,0,0,2914
YPKPDCTAEDRPLCG,0,0,1647
VSRSGDENAFRDMVR,0,0,3253
DIDLGRNEVVNDVST,0,0,1780
GGKGGVIVNIASILG,0,0,2674
WYYLNANGAMATGWV,0,0,3429
YIMIMKTPKTIAVSF,0,0,3288
REQRRFSVSTLRNLGLGKKS,0,0,3765
TDKLDKLDKESKDKF,0,0,2304
FNVSIETPVLSVNAT,0,0,2639
LRQMRTVTPIRMQGG,1,1,796
GTNISKEHDGECKE,1,1,133
IEAEPPFGDSYIIIG,0,0,2374
LPACVYGPAVASGYDFE,1,1,647
ELNYFYHDVGLNTYY,0,0,2593
AGTKMFLDALFRAGT,0,0,2448
LVKKGILPDLSRNRN,0,0,2921
KKLQFTYSESLDLDD,0,0,2832
LPACRNSTERASDLN,0,0,2907
KFTLEGKDYILRVSQ,0,0,2819
FHMYRSLLGHITDPF,0,0,2626
ALHIIAGTPEVHAVK,0,0,1746
RYMYPTWFNYTKYEY,0,0,3086
WGAIWRIDTPEVLKG,0,0,3422
YEGLSYRSLQPEEFA,0,0,3433
AQEGLKEESGFLREVLNAVP,0,0,3772
VYIGNGGPCVFIKRVSNVII,0,0,1685
YTVALFLAVALVAGP,0,0,3443
LSANAITVVSPSCSV,1,1,699
EKKATEAKQKVDAEE,1,1,1268
IPAARLFKAFIL,1,1,1315
AAKEDFLGCLVKEIP,0,0,1731
NFGVGWGYIPDGDAL,0,0,2959
YNRLEKVEADAQVDRLITGR,1,1,752
GALEVHAVKPVT,1,1,110
VSEALRIIAGTLEVH,0,0,2006
DSAFDVLSFTAEEKAGVYK,1,1,587
QMCITQYERESQAY,1,1,276
ELRNVGDLSYSTSLV,0,0,2594
EVELREHGSDEWVAM,0,0,1802
AELKKQSKPVT,1,1,852
KRDHVLPACRNSTER,0,0,2850
ILEPVAQSGKPLLII,0,0,2762
KTVNDKIDLFVIHLEAKV,0,0,1657
CLSWSVYKPQVPIMN,0,0,2488
IFSGNMNIKLKMPMYIAGYK,0,0,1531
MALFVASYADNSNSE,0,0,2931
FDNSDQGPPQDGNGN,0,0,2620
IAPYHFDLSGKAFGAMAKPG,1,1,856
TQEFKHQLQGGVLRV,0,0,3191
TGLIDDVLAILPIED,0,0,3171
QFEIDRLAAALADAE,1,1,1168
AGEAMVLVYYESIAYSF,1,1,899
KPERKMIKGSGFHLDL,1,1,1206
MQKYMQIVRYLTILITLI,1,1,971
AISVTMDNILSGFENEYD,1,1,373
LNEDLTCGNILMWEA,0,0,2278
DTPYLDITYHFVMQRLPL,1,1,64
NDKSDRNIPYSPLPPKVLDN,0,0,3692
RSLTPCTCGSSDLYLVTR,1,1,291
TTFNLLDKVMKKAKD,0,0,3195
PINGWAVYSKDNSIRIGSKG,1,1,260
EPIAPYHFDLSGHAF,0,0,3501
IAAPGCPNALKGKTV,0,0,2743
PNANPNANPNANPNANP,1,1,763
KSAFVMANNLIEATQ,1,1,961
RLVVLATATPPGSVTVSH,0,0,3769
RQIRMAKLLGRDPEQS,1,1,1408
LLDKAVSNVIASLTCGRRFE,0,0,3653
CFDQLRRRFGDVFSLQLAWT,0,0,2025
TDDNGPQDPDNTDDNGPHDP,0,0,3364
VNDVCNFASRNDYSYWLSTPA,1,1,1441
EEETEQNPEIIPANL,0,0,2570
VPKNPEDDREENFDIPKKPE,1,1,342
DSKSLLRKYLTKEVF,0,0,2548
MPFHNIHPLTIG,1,1,234
QLLRLKKYKVPQLEIVPN,1,1,1394
NFIRMVISNPAAT,1,1,1368
EEQEDEIIGFGQELKNPQEE,1,1,576
MWPFLRSSVRLISILSADLFNT,1,1,972
NAVKVGKLEDVPNVD,0,0,2953
AEEVKVIPAGELQVI,0,0,1739
DHAREVKEKKRIMNDKKLIR,1,1,56
VSLGKWLGHPDKF,1,1,1445
PVYVRVFLGPKYNYY,1,1,1142
TLLLGSSGSGGDDDDPHGPV,0,0,3373
NLGAPGGGPDNGPQDPDNTD,0,0,1572
TFHVEKGSNPNYLAL,0,0,3370
KDLLPILEPVAQSGK,0,0,2806
FEAMYLGTCQTLTPM,0,0,3511
GAFTGEISPAMLNDI,0,0,2664
HTLETVNISDVNDFQISKY,0,0,1526
KHKLKHLLVETSVDKKAMES,1,1,1252
YEVRAELPGVDPDKDVDIMV,0,0,1645
PITQILGFGPRSQGVFLARY,0,0,3729
AWTAMTAATPIQIVG,0,0,2479
YTKVSRYVNWIEKEKT,1,1,406
KGQPSKPFVGVLSAG,1,1,168
FGLSGKDDWENLEID,0,0,2243
LLNRNNSFKPFAEYK,0,0,1888
ITREEKPAVTAAPKK,1,1,158
VLVNTFCDSCIPKTYWNLGY,0,0,2357
SIVPSGPLKAEIAQRLE,0,0,2022
WLDAKSTWYGKPTAA,0,0,3424
YRHIADLAGVPDVIL,0,0,3304
GALMLPHFNSKAMVI,1,1,408
NLNDILNSRLKKRKYFLD,0,0,1660
DEENGLDEYDEVPMPV,1,1,1191
SGIAFGSMAKKGDEQ,0,0,3786
FLFKEGDRFLQHANA,0,0,2636
SVLLVVALFAVFLGS,0,0,1976
DSLPEFKNFLNFLQT,0,0,2174
STKVPAAYAAKGYKVLVL,0,0,3349
GKLYTYFEPYEMGLS,0,0,2684
YGNKCNFCNAVVE,0,0,1646
GGPPFTPTQKRKMAGTI,1,1,641
EVGWLALHHNARDAA,0,0,2612
GVLVFTKENFKKGVS,0,0,2705
PGPMGPLGIPGSSGF,0,0,2141
VDPTDYFRNEQSIPP,0,0,1994
QTCSPLRVNHAVLAVGYGTQ,1,1,1022
DEMLSQGFADQIYEIFRFLPKDIQVALFSA,1,1,1257
WEVRREKEELKKDKEGKVSTL,0,0,2109
DKKQRFHNIRGRWTG,1,1,509
GHFVKPEAFLPFSAGRRACL,0,0,3535
AMPEYQSLIQKLKDK,0,0,2164
KAKGNPESSFNDENLRIVVA,0,0,3596
MALYKKDPVKRGEPF,0,0,2932
PEDLGKEPTPSKKPV,0,0,2140
GLSGEPKGGAESSSK,0,0,3542
GIQYLAGLSTLPGNPAIASL,1,1,123
ISIKYDPRKDSEVFA,1,1,1320
MFASVLPALLVFILI,0,0,3327
ALKELPLLKFLGIFNTGLKM,1,1,623
SNWVWQSTQDVFYNGAYFVS,0,0,1684
ALMPMNMAPITGRALEPYIS,0,0,2049
ALNARGVLLLSTRDLAFAGA,1,1,22
SLRDPAFYQIWKRVQ,0,0,3112
VPPSLRTLEDNEERMSRLSK,1,1,427
ISFSKDCMGEAVQNTV,1,1,1319
APAEPEAPAPETEKAEEVEK,1,1,26
RNSRWSSPDNVKPLY,0,0,1946
MKKLGTLLVLFLSAI,0,0,2302
FDGILGMAYSTISVD,0,0,2619
SDYVYEPFPKRVWEQ,0,0,1956
EDTKNHAVSFTVTKE,0,0,2567
SFSLPYWNFATGKNVCDI,0,0,2061
SQKDPHVWDGRSAIV,0,0,3122
HSLGKLLGRPDKF,1,1,501
RIHMVYSKRSGKPRGYAFIEY,1,1,553
ENPVVAFFKNIVTPRTP,0,0,3497
ADKSGRLEFDEFVTL,0,0,2160
GGAYDTYKCIPSLEAAVKQA,1,1,1287
NKHDNQNNLPNDKSDRYIPY,0,0,1571
CLAVLWVVKSTPAS,0,0,3461
QKFSEHFSIHCCPPFTFLNSKR,1,1,524
LIWMYYHGQRHSDEHHHDDS,0,0,3652
TVTVGSDGKAYIEIL,0,0,3202
PGKYTAYEGQRVVFIQ,1,1,258
ERRAKEKLQEQQRDLEQRKADTKK,1,1,87
PVIKARMMEYGTTMV,1,1,1388
AVLLVPANKKFFVNNLVFRG,1,1,484
STHVMPNWVRKVFIDTIPN,1,1,564
KDIAADLQGEPRVGE,0,0,2805
YVQILDAHAAYLNAT,1,1,368
LVVGIYDEPMTPGQC,0,0,1902
EPMIGVNQELAYFYPELF,1,1,83
DVGVDVTVGLPVQKQ,0,0,2554
TSQASDDATAGATTTQAPVEAPEPPH,1,1,1434
VGAFVVDAYAVEAGL,0,0,3231
DDQPRPRGDNSSVQKPEENI,0,0,3467
GDVVAVDIKEKGKDKWIELK,0,0,1508
AMVYLGAKDSTR,0,0,1457
EAAFNDAIKASTGGAYESYKFIPALEAAVK,0,0,3481
VLVLNPSVAATLGFGAYM,0,0,1636
AEERADIAESQVNKLRAK,1,1,7
VFLRKQWDVLRLVHR,0,0,3229
GLSLSAPSTGAGGGLPGPG,0,0,1697
FVRTHLYPHVSEDVI,0,0,2658
EVKAEQVKASKE,1,1,92
WTSYGILIARKGDRI,1,1,1102
SEQKNTLLKSYKYIKESV,1,1,395
GKAVGLHYFSKGNGENSYGG,0,0,2316
LVNGSSNYLLFYDQH,0,0,2922
MGLEALVPLAVIVAIFLLLV,0,0,1722
TKEVFDNLKTKKTPT,0,0,3180
VSKAPQLVPKLDEVY,0,0,2007
HCNEMSWIQSIPFVH,0,0,1846
LTDDIMCVKKILDKVGIN,1,1,1353
NDVALIKLKTPMTLDQTNAK,0,0,2348
LGGEAIHSTEYTGFG,0,0,2881
NVTSIHSLLDEGKQSL,0,0,3708
NTALFKAIEAYLIAN,1,1,1172
PNITATYGDKWLDAK,0,0,3734
YYGENHVVLKSGFKR,0,0,3314
VGLHDLNQGSDYVRG,0,0,3232
IDNVNKIIVPELLKQ,0,0,2748
DCVMATGLYHCK,1,1,522
DCNLSGDVVFNFSKNAKISV,1,1,1255
FFYFFTGSSQLEFDP,1,1,1280
SNKRRMGLTEYDAVK,0,0,3115
KVNATEPERTAMKKIQDCYV,0,0,1692
HGRTFSSLFQVANQY,0,0,2723
DGDFAIVKFTKVLLDYTGHI,1,1,556
VVAPQLPADLMIRII,0,0,3412
KGMSYTMCSGKFSID,0,0,2379
YNNNEAFKVENGSAAPQLTK,1,1,364
TSSEVATEVPFRLMHPQPED,1,1,551
GNLCYSGFQPCGHSD,0,0,2694
GIVEQCCTSICSLYQ,1,1,434
FLEKLSLLLNGGCKV,0,0,2635
CVDTRSGNCYLDIRP,1,1,456
KQQGIRYANPIAFFR,0,0,1876
EDVGYPIIIDQKYCP,0,0,3484
SRLSKVAPVIKARMMEYGTT,1,1,422
ELLAITTVVGNQ,1,1,1179
QTLIAIHTLAIRYAN,1,1,280
LDDLKALFNEKLETS,0,0,2207
LKELDDKITAEDLDM,0,0,2888
VAVISYDGGNKYYAD,1,1,751
GWAKVNGSWYYLNAN,0,0,2092
PEVTKAEETKTEEPAAPPAS,1,1,257
EKDVTDITVKNCVLK,0,0,1796
LTTAEVVVTEIPKEEKDPGM,1,1,695
TDVTFLKRHFHMDYG,1,1,316
YIEILSSADDGVLAI,0,0,3287
LSGFENEYDVIYLKPLAG,1,1,390
GYPRVMSSFSFDNSD,0,0,2712
ADECERFLGPKGFAG,0,0,2434
DPYNNYGLAPSALQN,0,0,2537
KALQNAESEVAALNR,0,0,2202
VAATLGFGAYMSKAHGVD,1,1,1436
ISMQMGGDLGQVYRR,0,0,2783
KFRLDGVKIGDTTVA,0,0,2818
YTKKEAFNVENGNATPQLTK,0,0,1649
ENPVVHFFYNIVTPRTP,1,1,1271
SDKTIDGRGVKV,1,1,1064
PVCAHRETTIVSFGYSLYAG,1,1,530
DKILVQAGEAETMTP,0,0,1474
FNEIRRVLLEENAGGEQEER,1,1,790
LPVVLENARILKNCVDAK,1,1,205
AMKLEKDNAMDRADT,1,1,1352
AAFTSSSKAATAKAP,0,0,1729
KNLTVSKLCDHEMRT,0,0,2841
IPLYRNGDFFISSKD,1,1,592
QTLFAGYFDNTIRVW,1,1,1145
NSGPDDQIGYYRRAT,1,1,604
ADMLEQYNPNYTTPELNLL,1,1,735
WTQQHDTKLRIMKTH,0,0,3272
RVTEFKYSRDIGDAF,0,0,3085
FEAQKARANKAVD,1,1,867
LGTWTYDGSVVAINPES,1,1,560
LIEKINAGFKAALAA,0,0,3650
AYVATVSEALRIIAG,0,0,1771
KTEEPAAPPASEQETADATP,0,0,1545
FEIKCTKPEACSGEP,0,0,3512
PQDFDLMYVSDIKNY,0,0,3000
DRHILPRFTILVRLL,0,0,2541
YFRNEQSIPPLIKKY,0,0,2014
SGVIKGMEWAMRQASGGGNG,0,0,1600
GKWLDAKSTWYGKPT,0,0,1836
SNLQLIYNLTLCELNGTDWL,1,1,876
GGGYITCPPYVEVCQ,1,1,120
DKFTVFEAAFNDAIK,1,1,624
ILQQQLIPCMDVVLQQHNIA,0,0,3573
EEADKKYDEVARKLA,0,0,2568
PDSYPLFDGIFCSSSN,1,1,1374
MQDPEALPTEQTATD,1,1,1219
FVVTGRVYCDPCRAG,0,0,3522
TLVVNRLRGSLKICAVKAPG,1,1,774
KGPMVSAQESQAQAI,0,0,2135
VDCRPFNGGESKLKA,0,0,3391
SLSVLLLISLKDRFLNNN,1,1,1417
AVGADESVVKEAHREVINS,1,1,472
RPCEQHLMQKIQRDEDSYER,1,1,1406
VPPLRVWRHRARSVRAKLLSQGGRA,0,0,3407
VSEKPLDTCMPLICH,0,0,3251
STGGAYDTYKCIPSL,0,0,3347
EATQRELRATQAELQ,1,1,1165
SSLGRAGLTYEQYFG,1,1,542
LSSVVVDPSIRHFDV,1,1,212
LRPTFDTRLMRLEDEMKEGR,0,0,1555
YNLDKIAEGLAK,0,0,3438
QRASEAHASLLPFNV,1,1,278
HSLGKQLGHPDKF,1,1,1306
GVYYTTYAPQATSAH,0,0,2250
DNAMDRALLCEQQAR,0,0,2531
LLSTNLPYGKTNLTDALLQV,0,0,3657
FKTPYNPQLRYPNGQ,0,0,2632
NDLLSVYNQVKSGAG,0,0,2954
VSYKLVSRSGDENAF,0,0,3254
ARMELFLFFTSLLQHFSFSV,0,0,2023
PGTIKKISFPEGFPFKYV,1,1,259
ENVKNVIGPFMKAVCVEVEK,0,0,3499
VIPEGWKADTAYESK,0,0,3397
ENANQLVVILTDGIPDSIQD,0,0,1490
TEADLKKAVNEPEKP,1,1,767
NGKLKVVTTNSILYDMAKNV,0,0,3335
ASDVETAEGGEIHELLRLQ,1,1,32
KLKVESSPSRSDYINASPIIEHDP,1,1,703
PSDKHIEKYLNKIQNSLSTEWS,1,1,270
KKRFMKLNINVSLPQTLSLK,1,1,960
EEARSLQKKIQQIEN,0,0,2569
ANDYDTFYKTACWAR,0,0,2461
QYEGDGSPCKIPFEI,0,0,2388
YPTTYLNPWQWTQQH,0,0,3302
YNTLKHASGGEKIQVAEIYQ,0,0,2355
KIPKKASEGAVDIIN,0,0,1867
EALVTHGEDTADRPPVPITQ,0,0,2027
KGEAGPTGARGPEGP,0,0,2131
KHREQAIMLFELFYY,0,0,2827
ESYMVPFIPLYRNGDFFI,0,0,2059
AQIQVVIHLDEQYIY,0,0,2466
GAMAKKGDEQKLRSA,0,0,1825
CHQEEDFRVTCKDIQRIPSL,1,1,610
RFLRLLDLAQEGLKEESGFL,1,1,668
DTADRPPVPITQILGFGPRS,0,0,3478
AQGYKVLVLNPSVAATLGFG,0,0,3778
LVVYGGLNAINTALLPSE,1,1,969
IVDTISDFRAAIANYHYDAD,1,1,1324
FKPVIIYNFLQSLRLLSDSME,1,1,1281
APPPQLPRPPATPPP,0,0,1754
GTKTEAEDVIPEGWK,0,0,3553
EQYIYVKSPTAELIK,0,0,2605
EISPAMLNDIGINWV,0,0,2584
LFLAILIWMYYHGQRHSDEH,1,1,1345
FAIVHMTKLLLDYTGKI,1,1,559
PTKAAHIVFPSYEIE,0,0,3007
YASGKVWGQKYFKGN,0,0,3431
LAKYKANWIEIMRIK,0,0,1880
FYKNLIWLVKKGNSYPKLSK,1,1,893
QQNWWTLLVDLLWLLLFLAI,1,1,1397
LEAIRQLKLSVANSVNFA,1,1,962
TSSTPEAVSLLCSDK,0,0,1989
ELIHVLHGLYGMQVSS,1,1,79
PEPVGFLLVLLGPEA,1,1,1221
LEEAKAKLEEAEKKA,1,1,760
TLEVHAVKPAAEEVK,0,0,1984
FLGELTSSEVATEV,0,0,1698
KQGLVSQPIFSFYLS,0,0,2845
PALDSLTPANEDQKIGIEII,1,1,696
YEVGDDGKVHFKVRFDAQGF,0,0,2424
NSYSFWLASLNPERMFRKPI,0,0,2056
KKICKMEKCSSVFNV,1,1,172
TPLLYRLGAVQNEVTLTH,1,1,322
DENPAIPKDKQPNSH,0,0,2508
LGTLGSCLQRFTTMPFLFCN,0,0,2053
SNEIKIVATPDG,1,1,1419
ATATATSAVGAPTGA,0,0,3402
NAGFKAALAAAAGVP,0,0,3689
SQIMEAARKLYKLEN,0,0,3121
IFNIVRDTRGLPEDL,0,0,2196
EDLQVGQVELGGGPGA,1,1,423
PYAVAFQPLLAYAY,1,1,563
ALRVIAGALEVHAVK,0,0,3656
YNNLTVYYDHEDTKN,0,0,3299
QVYQGEREIASH,1,1,282
EEQEDEIIGFGQELKNPQEE,0,0,3485
ALFQEKLESSPEFKA,0,0,2163
KKGAAALGIGTDSVI,1,1,425
VKPLYIITPTNVSHI,0,0,3400
STLRNLGLGKKSLEQWVTEE,0,0,3350
RLEFDEFVTLAAKFI,0,0,2226
NFPNTIISKLIEGKFQD,0,0,1659
LCSDKQPCNGVTMND,0,0,1881
RKAQRKGSNVFSMFS,0,0,3066
NLEIDMIVDTISDFR,0,0,2220
FKGETQINSDLTGYGQWEYN,0,0,2313
VLAKSPDTTCSEIEE,0,0,2003
TFVINGRNFNISSQY,0,0,2231
MVDAAVLEKLEAGFA,0,0,2948
KKMGENTGIVFKVKY,0,0,2833
MSDVHLTAPKTYIFP,0,0,2946
DGWFNFVSTNFSNSLLIKNP,1,1,941
IALYLQQNWWTLLVDLLWLL,0,0,3564
KAEQVKASKEMG,0,0,3594
EKPVLGFVRLKEAVPLE,1,1,1196
KELLQEGYEEIVGETPSFKK,0,0,2111
CTSICSLYQLENYCN,0,0,1672
LIFCHSKKKCDELAAKLV,0,0,3651
PYGDSMDRIEKDRLQ,1,1,1042
CKAKDISLEVLKNYQ,0,0,2486
TAKDGMEYYNKMGELYKQ,1,1,1072
AKSTWYGKPTGAGPKDNGGA,1,1,20
HSTCTVSNYQDPSNV,0,0,2736
LELGALLTAMAMVTA,0,0,2874
LPEFGGDTAYSDDFFVGRVG,0,0,2323
ARKLAMVEADLERAE,0,0,1703
HIRRGVGITGLIDDV,0,0,2726
NLADAVSKAPQLVPK,0,0,1916
EMGLSNAVKVGKLED,0,0,2596
GQLKLNWFKKGSS,0,0,2372
DNKKTRIIPRHLQLA,1,1,1261
INDCNVEKDEAHVKITKL,0,0,1656
TGDVGQMGPPGPPGP,0,0,2146
NALENFKNVLVIHSLSKRSSAPG,1,1,1364
GPTATFEAMYLGTCQ,0,0,3546
VFLGSAHGIPKVPPG,0,0,1995
DDGAGGKKLHVEVQLDPVYR,0,0,2399
KGMSYSMCTGKFKVV,0,0,2378
GQGINVAFNRFLVGCHPSDG,0,0,3548
GDGKISLSELTDALR,0,0,1827
NQVYYRPMDEYSN,0,0,1578
VDKNARGFYSGRLIPTCKNL,1,1,497
HSFYELYQSLIAMQKRSLKNQ,1,1,1305
RSRYLTAAAVTAVLQ,1,1,1412
PSSESQVNKSKRQPN,0,0,3006
DYSNTHSTRYV,1,1,66
VLREILKELDDKITA,0,0,3241
KYPYVVKNFVAAYKN,0,0,2866
AKKAVEDAQKALDDA,0,0,3598
STSVLGNVLINESFGVE,1,1,453
LINIDKIYIKNKHKF,1,1,198
KALFRRCAADYASRL,0,0,1539
INQIDSDNKLGVGSDDTVAV,0,0,2318
RWQVVAPQLPDDLMI,0,0,3777
NTDHGFPSGARPFFY,0,0,2977
ERGPPGPRRPPRGPPLSSSL,0,0,3503
NFTLKDNTRAFNVSI,0,0,2960
KKQGVIAKNAYSLILILQMS,1,1,1335
AGTIAGLNVLRIINE,1,1,917
SLKMADPNRFRGKDLP,1,1,305
LWADCVMATGLYHCKPLVDILILP,0,0,1705
EYGTTMVSYQPLGDK,1,1,466
PAEDVSLMASIDSMI,1,1,605
EALEILQQNKILANFV,1,1,1266
SIDKEMAETQHGTTV,0,0,2390
IQSIPFVHLGHRDNI,0,0,1856
WEGVGVVPDVAVP,1,1,582
EAFLAEMEKAKGNPESSFND,0,0,2026
GCPVYVGTKHAVVGI,0,0,2665
SMATGWLQNNGSWYY,1,1,765
KTVSEGAVDIINKWQ,0,0,3628
PAGVCPTIGVGGNFA,0,0,1922
RKVEVHVPVKFQINL,0,0,3068
NYNCKILPNTLVLDF,0,0,3711
QNLYKYIVSLANLMALEK,1,1,976
EKKGCISTEMVGTIL,0,0,2587
RVWEQIFSTWLLKPG,0,0,1952
SKDQIKKLTSLKNKLERRQN,1,1,303
RINLKALQNILNNAKSAHFKFV,1,1,979
PAESYFTTTVSHATS,0,0,2987
GPATPAAPAAGYTPA,0,0,3543
GAATVAAGAATTAAG,0,0,1824
YLESTKNILPSNVAA,0,0,3296
KTNYQAFLNLLEIARSKKAKVI,1,1,1338
INYNLKQHETFKRRV,1,1,1132
GRPFRPNGLLDKAVSNVIAS,0,0,2030
KYSRDIGDAFRGNNA,0,0,2867
VAWQVKLLPVPPTVT,0,0,3388
NVGKASKSGQLGSVVPYTED,0,0,2411
IFKISKTVSEGAVDI,0,0,1849
GENRFYYSSGSSSPTHAKSA,1,1,528
YLYQLSPPITWPL,1,1,879
CGKYLFNWAVRTKLKLT,0,0,3458
FHLKQHKPETFLSNS,0,0,2625
AVTPSVIDNILSKIENEY,1,1,375
TKKFDEVVKANGGYL,1,1,833
MMLTCVEIKEGALML,1,1,1093
EKNIFTFNLNLNDILNSR,0,0,1653
TSLAGVANHLLDCFIYED,1,1,1238
WDEDGEKRIPLDVAE,1,1,353
ESWGAVWRIDTPDKLTGPFT,1,1,89
RGILESLMCNESSMQSLRQRKSV,1,1,618
AEVDCSRFPNATDK,0,0,3521
LSIYEAIKGVDGLDA,0,0,3666
KGGRKPARLIVFPDLGVRVC,1,1,166
QQIENDLDQTMEQLM,0,0,3038
APCKIPFSSQDEKGV,0,0,2361
YSTYGKFLADAGCSGGAY,0,0,3441
AAASAIQGNVTSIHSL,0,0,3540
ANDAEVKAAVEYLKS,0,0,2165
RPFERDISNVPFS,1,1,1407
SLGFPLKLVLAGSSA,0,0,3110
TDVTFLKRHFHMDYG,0,0,3366
RQFYQLDAYPSGAWYYVP,1,1,288
KGSNEKHLAVLVKYE,0,0,1865
TTVVKVKYEGAGAPC,0,0,2393
DCGVAGFRVDAAKHM,0,0,2502
VAGYSYTDANK,1,1,482
GLVMTTISSSKDCMGEAVQN,0,0,1691
GLLVSVLVGLSILME,0,0,3324
WKVRLLPVPPTVTVF,0,0,3423
ADKDGIISKNDLRAT,0,0,2436
SEAQKAAKPAAAATA,0,0,1957
GPRRPPRGPPLSSSLGLALL,1,1,1297
ILIIFIFRRDLLCPLGALCI,1,1,151
NLNKTLVDLDWLNRIETYVK,0,0,2076
MASVEVESAATALPKNETPE,1,1,224
ASRFLVEEDAEAMQH,0,0,2472
GVENGVKYWLIANSWNEGWG,1,1,1017
VIVKLIPSTSSAV,0,0,3398
LEKDNAMDRADTLEQ,1,1,192
LTMTASHTRLSCDCDDKFYD,1,1,215
RDAVTYTEHAKRKTV,1,1,574
SEEHHSHNQKLSKKR,0,0,3095
LLEQKRGRVDNYCRHNYGV,1,1,711
SAYLAHRNQSLDLAEQELVDCAS,1,1,295
PANDKFTVFEAAFNN,0,0,3714
EFVTLAAKFIIEEDS,0,0,2180
IPTAFKIGKTYTPEE,0,0,3581
DCFIYEDQIRPQDRE,1,1,1190
NYETETTSVIPAARL,1,1,1372
GVYRSLKKQLENNVMTFN,1,1,385
LPVGAANFREAMRIG,1,1,1162
ETMTPSGLVIPENAK,1,1,90
NVTSIHSLLDEGKQSLTKLA,1,1,253
EHRMTWDPAQPPRDLTEAFL,1,1,661
SIPVNREQCSFPRHRHELLQ,0,0,2417
ELFYYANDYDTFYKT,0,0,2591
PFVKRVKTWRMHLFTG,1,1,1222
KSTNGLRIKSYEDAK,0,0,3626
LDYERFRGSWIIAAG,1,1,828
QLKSPGVTLRPDVYG,1,1,716
MGVQKFWAFDNTTFS,0,0,2936
LDEGKQSLTKLAAAWG,0,0,3640
VKLVDANGKLHDKKS,0,0,2001
CILSADVVVGIAAPG,0,0,2167
VMHFSLTADRGGELKIYSVIQA,1,1,339
DVIGQVRRPEMGDQAHMPYT,0,0,3479
AEFYYLQLAYTRHVT,0,0,2437
AKRLDACQDQLLE,1,1,786
EMLFNFLKEQLNKLLGLLRLF,1,1,945
ICDDLDMTFTELIGN,0,0,2195
KEFYEKNLKEYTDKL,0,0,2296
KNTIVIPKGDFLTGP,0,0,1874
RNEVVNDVSTYASGK,0,0,3770
DGGGGHSHDSGHGGGDPHLP,0,0,1473
GRSFTLASSETGVGA,1,1,476
GRTILKENIKYEVAIFVH,1,1,130
TILIKVEYKGEDAPC,0,0,2391
ATVELYYNAEKKLAF,0,0,2475
FGHDGTVWAQSADFP,0,0,1810
AIAQRKLSALSAELE,1,1,1164
GMEVGWYRPPFSRVVHLYRNGKD,1,1,532
ELWMFVRKKLMMEQE,1,1,1037
IEKLVLARALKLVLAV,1,1,953
TDALRTLGSTSADEV,0,0,1979
PTARSVGAADGSSWEGVGVVPDV,1,1,573
AVVPVLAYAAARLLL,1,1,1055
SDDNWLNFDGTLLGNLLIFP,0,0,3322
LDSKNVLSILNYKTE,0,0,2870
ELKESWGAIWRIDTP,0,0,3493
SGKVVEENPKAIKSGDS,1,1,1254
SEIWRDIDFAHEAPA,1,1,597
RCGRSMQGYPFNPCL,0,0,3051
ECGGILQAYDLRDAP,0,0,1790
GGGPGAGSLQPLALEGSLQK,1,1,702
VETLKAMPEYQSLIQ,0,0,2234
KSSKPLVGPFNFRFM,0,0,3625
LMAFTAAVTSPLTTS,1,1,1001
LENLVVLNAASVAGAHW,1,1,999
KKPGGTTYYYDPSAGKGVTA,0,0,3614
NEDIFLKGIDIFCQI,0,0,2957
ERRNKYLEEHPSAGKDP,1,1,638
DVVVGIAAPGCPNAL,0,0,2559
FTVQKGSDPKKLVLD,0,0,1821
TDGIPDSIQDSLKESRKLSD,0,0,3365
VNGENLVGDDVVLAT,1,1,340
VLQENQKILANAFNNAIGNI,0,0,2080
QKSQRSQYENPV,0,0,3756
MIAATYNFAVLKLMGRGTKF,1,1,518
AGSYAADLGYGPATP,0,0,3555
ATDYENYAIVEGCPA,1,1,823
SNWWDNGDKQISFCR,0,0,3118
YTTEGGTKGEAKDVI,0,0,3442
GKNTIQRNSHDSSVV,0,0,2685
LFAAFPSFAGLRPTFDTRLM,1,1,194
ATGFFAKKEAAEKHL,1,1,1075
YTEPRSVTPEERSVFQPMIL,1,1,1025
SKGGMRNVFDEVIPT,0,0,1965
ERYQLVSYKLVSRSG,1,1,1119
PIVQLQGDSNCLKCFR,1,1,787
TYEIAPVFVLLFYVTLKKMR,1,1,432
SHCCAFKNQKKIRGILESL,1,1,619
KAVAAVQQAYLAYQQ,0,0,2093
VAEEEPKHETKETETEAPAA,0,0,1626
KGDEQKLRSAGELEL,0,0,3608
VIKGGRHLIFCHSKKKCD,1,1,332
GPGSTGLNITGVTCG,0,0,1842
TLERQVYELNKIQDKLPEKL,1,1,1073
IITPTNVSHIQSAVV,0,0,1851
EVVETDGKKKECSS,1,1,1278
SKGDSARVTVKDVTF,0,0,1964
MASALTKIQSVVNQQGEALS,0,0,2074
PRSLFPEFSELFAAFPSFAG,0,0,1583
YLKGSSGGPLLCPTGHAV,1,1,362
RALLCEQQARDANIR,0,0,3050
SQKDLLEQKRGRVDNYCR,1,1,1424
EFQSIVETLKAMPEY,0,0,2179
TVAAAPQVKYAVFEA,0,0,1991
RKVLENRSLSDEERM,1,1,1405
SPCSVTCGKGTRSRKREILH,0,0,1606
LNPWQWTQQHDTKLR,0,0,2904
IDSFYQAFNHPLRPLLLIV,1,1,952
GHLNEPHTHVIPVNF,0,0,2676
ALTKAITAMSEVQKV,0,0,1747
MNSPSLWKYNGEFSI,0,0,2940
NATARIEGHTDNTGP,0,0,2265
VKTLLPYGSVINYYGYVKPG,0,0,2065
LSPRPISYLKGSSGGPLL,0,0,1557
VPNVDIRARNYRLNH,0,0,3245
GTKGEAKDVIPEGWK,0,0,1845
VVVQPGQEAAAPAAAQ,0,0,2272
DKDAFGGVYSGPSLLDVSQTSVTA,1,1,611
AQPPRDLTEAFLAEMEKAKG,1,1,659
ENNHRIFLAGDKDNV,1,1,1091
ERKQSDPQSQDNNGNRHVPN,0,0,1495
YFKGNFERLAITKGK,0,0,3434
DILLTQSPAILSVSP,1,1,776
ENVKMEDVGYPIIID,0,0,3498
YQAGFFLLTRILTIPQSLD,0,0,1648
DEEFNKKMQEQNAKFFADKP,1,1,51
KYVKDRVDEVDH,1,1,1340
FKTFEDDGKIDSERL,0,0,2631
HGCFDQLSPLVGLTF,0,0,2721
SVNATSVRLQSWQSE,0,0,3146
TSAVGAPTGATTAAA,0,0,1988
LVFILIFLESQITTL,1,1,1215
ITKNIAGDKIDLHSI,0,0,3589
QDWLGVSRQLRTKAW,1,1,595
EMIQHYTLDQVNQHK,0,0,2181
DTKLRIMKNHQFTNC,1,1,1116
QLQFEYYGSLMCGAS,0,0,3033
CAAFANHSGRPFRPNGLLDK,0,0,2024
PDLSNNFGKLFEVKP,1,1,1094
LNANGAMATGWLQYN,0,0,2096
IFRRDLLCPLGALCILLLMI,0,0,3567
GGGFGMLLRKYGIAA,0,0,1829
GYYYPSDPNTFFYAPPYSA,0,0,1520
VEALFLLMKADPSIH,1,1,1157
KQLKVSQIMEAARKL,0,0,2847
TPPSVVGGLGVTMVH,1,1,1089
QLNSPWKQVSAELAF,0,0,3032
KTDDQQAEEDYARRS,0,0,2094
LTLLRAFTEEGAIVGEI,1,1,648
PINTNSGPDDQIGYY,1,1,1376
AYLQSDEFETIVVAL,0,0,2480
HGVFAFLLSPSPYELCAVPR,0,0,2031
NTGIVFKVKYDTDQE,0,0,2978
DVFVIREPFISCSHLE,1,1,637
SIEYILKDLIIKDPN,1,1,302
ILQQQLIPCMDVVLQQHNIA,1,1,152
SQVEQFLHRNIQEYLSILTD,1,1,1177
GELELQFRRVKCKYP,0,0,3529
LQQKPVNKDQCPRER,0,0,3663
NDKSDRNIPYSPLPPKVLDN,1,1,241
ITALCFSPNRYWLCA,0,0,2786
FCGGSILDEYWILTAAHCVN,0,0,2344
CSGEPVVVHITDDNE,0,0,1774
EIECTKLGNWSAMPSCKASCK,1,1,707
LPVKKATVVYQGERVK,1,1,708
RLPIVLNLVNRALAAPLNRA,1,1,980
KHIQKEDVPSERYLGYLE,1,1,1330
MTSRDIEVQGFRIPKGTTLI,0,0,3686
RVNELTTINVNLASA,0,0,3084
SGTVDFDEFMEMMTG,0,0,2227
PYSVLATDYENYAIV,0,0,2225
VWDYKIAPLLCSTHL,1,1,905
LRRTGRIFGGLIRDI,1,1,1212
VGLTFCTTMSFPWDP,0,0,3233
VPRRGPRGGPGRSYA,0,0,3408
SYKYIKESVENDIKFAQE,1,1,398
VAYQATVCARAQAPPPSW,0,0,3389
DAEEVAPQAKIAELE,1,1,756
LEDLLMGTLGIVCPICSQKP,1,1,492
APGERPSGMFDSSVLCEC,0,0,1458
LNAIEFINNIHDLLG,0,0,2213
FVPLYSSKSATSVGTPTRVS,1,1,1015
GELKGQFYPLTGMTK,0,0,2668
SPATWTTRGFVFTRHSQTTA,1,1,1422
PLLGIIGKLDASVQP,0,0,2998
AMVDSAMSRNVSVQDSAGVP,0,0,2281
TFQEIVIDYIDINKTIADML,1,1,750
QSGQFWRKFEVYEGDKKLPI,1,1,1070
LSAIILVACASGKKD,0,0,2301
ASIDSMIDEIDFYEK,1,1,600
PQAQGSVQPQQLPQFEEIRN,0,0,3740
LANAFNNAIGNITLALGKVS,0,0,2073
PPTVTIFKISKTVSE,0,0,3739
TYTKPFKTPYNPQLR,0,0,3211
PTLAFPAGVCPTIGV,0,0,1935
KYLTEMSRASDILSH,1,1,1339
KMPMYIAGYKTFDGRGAQVY,1,1,176
TGRGIYHNDAKTFLV,0,0,3173
PQAISSVENIEGNG,1,1,268
LTFTTNKGRVATFGVRRGRY,0,0,2279
PLTKDNHLLGTFDLTGIPPA,0,0,2155
ITKGKVDPTDYFRNE,0,0,1859
ITCGQVSSALAPCIPY,1,1,719
ISVLKSRLLKRKKYI,1,1,1321
GKDCKAMLWDLNDGK,0,0,2680
HDSGVGIYAPDAEAY,0,0,2718
LLAMTLRKFKNSTYF,1,1,1211
TPTNASHIQSAVVCG,0,0,3380
KKIQDCYVENGLISRVL,0,0,3613
HYMKCPLVKGQQYDIKYTWN,0,0,2150
MSWQTYVDEHLMCEI,0,0,3684
KSAANVEGDIYSEMR,0,0,2852
VIAELTPDGAKPSECISIAW,0,0,1633
PSEKALLNLVPVQKE,1,1,1224
FAERSVQKLQKEVDR,0,0,1498
FPGLVKYMSSGPVVP,0,0,2640
ICDECHSTDATSISGIGT,1,1,141
LHFSEALHIIAGTPE,0,0,1884
TAADTPTAESISPSPPC,1,1,314
HGRGTCNYYSNSYSFWLASL,1,1,680
MFRLVVIATLLVASC,0,0,2934
FGDSYIIIGVEPGQL,0,0,2367
KVVKEIAETQHGTIV,0,0,2380
EDKKEDVGTVVGIDLGTTYS,1,1,816
KGFAGVQVSPVHENV,0,0,2820
KTDCTKEVEEAWASA,0,0,1877
VICTTKQYTRRCLSK,1,1,785
GGAYDIIICDECHSTDAT,0,0,3532
TLTPMMSSKFPELGM,0,0,3375
VGLGNVNGVTL,0,0,1632
DVLGYYKILSEKYKSDLD,1,1,377
LNKMRAVWVDGKART,0,0,1891
TQQQPPKAEKPAPAP,0,0,2104
CLHYTVDKSKPK,1,1,1449
EFRASPFLECHGRGTCNYYS,0,0,3486
EGATPEAKYDAYVAT,0,0,3487
AFYPLNGPSKFSLVV,0,0,2442
VSTFSSGLVWGQKYF,0,0,2009
KGKDKWIELKESWGAVWRID,1,1,167
EVCNDEVDLYLLMDCSGSIR,0,0,1497
HTNVCFWYIPPSLRTLEDNE,0,0,1673
PVQKELLRRRYLPSPAK,1,1,1226
ERMSRLSKVAPVIKA,1,1,1275
IAEVDADGSGELEFE,0,0,2745
TVYVRPIIEDYHTLT,1,1,326
TYGDKWLDAKSTWYG,0,0,3386
SHLECRTFFLTQGALLNDKH,1,1,299
LYNIIKNREGYEMVFDGKPQ,0,0,1675
ANGILNVSAVDKSTG,1,1,918
AFILDGDNLFPKVAPQAISSV,1,1,11
SYENGSCTGKTVTVG,0,0,3152
LLLLALLFWLYIVMSDWTGG,0,0,3655
CGYKDVDKAPFNGMTGCGNT,0,0,1462
KGAGSSQDACIKFIQYEVDG,1,1,1020
MATTYEEFAAKLDRLDEEFN,1,1,225
DMQDIVVPAFYEIYP,0,0,2530
DLDQTMEQLMQVNAK,0,0,2525
SKDFQYTNEANIYKL,0,0,3105
RCTKLEYDPRCVYDP,1,1,413
GPPGTMGPTGQVGDP,0,0,2128
FQLMDADKDGIISKN,0,0,2644
PAGQAEPDRAHYNIVTFCCK,0,0,1693
QATDAYVRVFLGPKY,0,0,3017
RQYDPVAALFFFDIDL,0,0,1598
EPGHLAPTGMFVAAA,0,0,1800
RRVNAANKKPEDLTLNDLET,1,1,290
LLNYKQEGDKCVENPNPTCN,1,1,803
AYKEQIKTLTNKLKA,1,1,543
ADFKKNNNFVGIADLSTD,1,1,372
RQHGSEEWEPLTKKG,0,0,1948
HGQALFLGIVLFIFGCLLVL,0,0,3562
AKRFAKWALPLYNKP,0,0,2452
HIVQNDAFYTILDIP,0,0,2727
DTRGLPEDLQDFLAL,0,0,2550
GIPAIYLESTKNILP,0,0,2679
YDVFFAVANGNELLLDLSLT,1,1,500
AKPDGKTDCTKEVEE,0,0,3603
LLDYKLLQLFKLFENALFSLI,1,1,965
WSKDIYNYMEPYVSK,0,0,3426
NSYGDLMNPDTKEK,0,0,1579
GIAYFSMVGNWAKVL,0,0,3537
KYCGLPEHLLIPKGK,0,0,2865
AELTHTESNNQVLSA,0,0,2439
TLIPSQSPMTSDDKC,0,0,3185
MVPFIPLYRNGD,1,1,688
PSQGKGRGLSLSRFSWGAE,1,1,539
DWTGGALLVLYSFALMLIII,1,1,65
TTSDGFNSMASALTKIQSVV,0,0,2079
IHSTEYTGFGRVTEF,0,0,2754
CFWYIPPSLRTLEDN,1,1,420
STSLVKAHSMRNSAS,1,1,1154
EALSQLTSQLQKNFQAISSS,1,1,737
ALASPGSCLEEFRASPFLEC,1,1,676
GVVHCLQEVLKDYYTLVDRV,0,0,1718
AAGVPPADKYRTFVA,0,0,1730
FGSDYEDRYYREN,0,0,1500
EGRHHLLVSGAGDGPPLCSQ,0,0,3489
YKDVDKPPFSGMTGC,0,0,3436
ESKHGLTNTASHTRLSCD,1,1,88
VRVDMVRHRIKEHMLKKYTQ,1,1,346
LMAFTAAVTSPLTTS,0,0,3658
SNNLEYIVGRAWIGF,1,1,1234
RFPYKVQAGKTTITR,0,0,3059
MNAWVAWRNRCKGTDV,1,1,232
YTGPFSVDNVLEFKL,0,0,3308
TTEWVETTARELPIP,1,1,599
ALLCCLLVSAASAIT,0,0,2456
AWYYVPLGTQYTDAPSFS,1,1,1428
SQLIAKFGTAFK,0,0,1609
AELENQVHRLEQELK,1,1,753
QFYYFYQQIYARYML,1,1,1144
DAGTIAGLNVMRIINEPTAA,0,0,2152
TSKLDAAYKLAYKTA,0,0,3381
RFPIDFRKFSNNFEF,0,0,3058
SEMVEPKEASHLITV,0,0,3097
ARRSEEEYNRLTQQQ,0,0,2083
AVFEAALTKAITAMS,1,1,38
MDHARHGFLPRHRDTGILDS,1,1,1360
EQLLSYFTEDVFLNA,0,0,2602
RAVESYLLAHSDAYN,1,1,1401
GDSRGSLLSPRPISYLKG,0,0,1507
QVYRRLVTAVNDIEK,1,1,1146
RRVQQEIDDVIGQVRRPEMG,0,0,3773
KGDEQKLRSAGEVEI,0,0,3609
ASQYRPSQRHG,1,1,1390
RQPLSFDHAVELKLL,0,0,3077
SYEIEMFYDGSRIMI,1,1,1155
SQSAIKSAANVEGDI,0,0,3126
RATRRVRGGDGKMKE,1,1,606
AFKPTSPVPNMQREV,0,0,2440
EVIHQVEMHQVRDLK,0,0,2613
EKVDAAFKVAATAAN,1,1,625
CGKYLFNWAVRTKLKLTPIA,1,1,42
EAAFTVSSKRNLADA,0,0,1788
ITELEDVAERERLKA,0,0,2107
NDYSYWLSIPALMPMNMAPI,1,1,683
NDGGPPQLTEEVENKGGDQG,1,1,1365
RILKNCVDAKMTEEDKE,1,1,1404
IVKTGERQHGIHIQGSDPGGVRTA,1,1,900
GMYPVEIWHPDPAKN,1,1,710
FRYPRPKHCHTQ,1,1,1181
AIPKVPPGPNITATY,0,0,3579
LLNAKFFHMNIYECK,0,0,1887
KGHRGDPGPSGPPGP,0,0,2133
GNRFLAPDDQIK,1,1,1058
RKGVLFNIQYVNYWF,0,0,1944
APCKVPIEIRDVNKE,0,0,2363
TKPEACSGEPVVVHI,0,0,1983
RVIVSEGKSKFTTEL,0,0,3083
VGPKAYVNPINEAIG,0,0,2236
EAGKATTEEQKLIED,0,0,3482
LQNHRIVQIEAKPNTLVLPK,1,1,791
QCPQNSGCFRHLDEREECKC,1,1,805
TVTVFKIPKKASEGA,0,0,1992
QLQPFPQPELPYPQPQS,1,1,1395
YVDEHLMCEIEGHHL,0,0,2017
GACVCPNLQKYEKLK,0,0,2663
PSDQHIEKYLKTIQNSLSTEWS,0,0,3746
EVQKVSQPATGAATV,0,0,1803
IPKDKQPNSHPRRQE,0,0,2773
HHPARTAHYGSLPQKSHGR,1,1,550
DRTRKPFQSVIADTGISVSE,0,0,2397
PGMVQQIQSVCMECQ,1,1,506
LVNYEMKLLHKVGS,1,1,217
SSRITTFFNFGYVAL,0,0,3135
KDVTFRNITGTSSTP,0,0,1863
KAMLEDIAILTGGSV,0,0,2800
NYIGSEDSIYPKSML,0,0,2985
KYKIAGGIAGGLALL,1,1,187
SGIPYVISYLHPGNTVMHVD,1,1,1415
VKMAETCPIFYDVFFAVANG,1,1,498
PSTVKAGELEKIISRCQVCM,1,1,1384
FMLQILDFYTKVYE,1,1,1180
VQKLQKEVDRLEDEL,0,0,3246
SAGKVSSTLASELG,1,1,293
ESVAWSASACHDGMG,1,1,881
VDQDLVGWPAPQGSRSLT,0,0,1629
HGAGTRTIASPKGPVIQT,0,0,3561
HLDEREECKCLLNYKQEGDK,1,1,801
AADYLANDAEVKAAV,0,0,2157
SHRIRREYTEDENPA,0,0,3102
YFVGKMYFNLID,1,1,358
IISKNDLRATFDQLG,0,0,2757
GRFDGTVEVKEGGFE,1,1,1076
YGAFDPLLAVADICKKYKIW,1,1,436
ITDNPYMTSIPVNAFQGLC,0,0,3588
NERAKSPAAMTAEDE,1,1,245
LEAAFNAEFNEIRRVLLEEN,1,1,417
VDDALNATRAAVEEG,0,0,3218
VQRIKDFLRNLVPRT,1,1,1443
GWYRSPFSRVVH,1,1,1302
GITIKKTGQALVVGI,0,0,1831
LLSCLTIPASA,1,1,202
EFASKNKVTYPLLGI,0,0,2574
RLFEPFQGLFEIPSY,0,0,3768
ARRRLLVLDAVALERWPRDG,1,1,30
ALLVLYSFALMLIIIILIIF,1,1,21
NKICTSKGDSARVTV,0,0,1915
GTVGGTKYGLAKGVSLVAVK,1,1,135
WPAPQGSRSLTPCTCGSS,1,1,354
LQVIEKVDAAFK,1,1,206
AAKHMWPADLQYIYS,0,0,2428
SLPQKSQRSQDENPVVHF,0,0,3337
MAAHKFMVAMFLAVA,0,0,1903
ALREKVLGLPAIKAW,1,1,822
FAVEKPNENIIDNNPQEPSP,0,0,1499
KKGVDALANAVKVTL,0,0,2830
LYMGVTSLSGIQLFD,1,1,1217
DSGGPVVDIATKQIVGIVSW,0,0,2342
VEGDIYSEMRRKAKA,0,0,3223
HDKDVAVLASSRLSNR,0,0,2282
NKFVELWEINMIKAI,0,0,2966
MDRPRTPPPSYSE,0,0,3676
KLREKGVDVDKIIEL,0,0,2838
KSDEFNPCEDIMGYKFLRIV,1,1,615
GVFNYETETTSVIPAA,1,1,136
NVAGSSQIWIDH,1,1,1370
SKSVTVKELTLMNSPEFHLV,1,1,496
TFGAASNKAFAEGLS,0,0,1981
VLGGGVALLRVIPALDSLTPANED,1,1,337
QVLSASQSAIKSAAN,0,0,3044
TVFEAAFNKAIK,1,1,1435
GSHSLRYFLTAVSRPGLGE,1,1,1298
APEVKYTVFETALKK,0,0,1751
KALYDAIRSPEFQSI,0,0,2203
LLLMITLLLIALWNLHGQAL,1,1,201
TWGDKFSADEVDDAY,0,0,3205
CHHLDKSIKEDVQFADSRI,1,1,874
HDKDVVVLTSSRLSNR,0,0,3558
SYNMHWVKQTPGRGL,1,1,1187
AWASACGGTGKNTIV,0,0,1767
INTHVQKGYMVSSMT,0,0,2769
RNITGTSSTPEAVSL,0,0,1945
ICKLDCSKIPSLPDV,0,0,2747
AAMASASLVTVAVPATANAD,1,1,1082
KESWSYIVETPNPENGT,1,1,644
DDQPRPRGDNFAVEKPEENI,1,1,50
TYAPVVMKPKPQGPV,1,1,1240
FAAQKAKANKAVD,1,1,95
GFPFKYVKDRVD,1,1,119
VADKYDVQVAIHTDT,0,0,1625
TSGSDPVLTPVQ,1,1,1066
GNVQAAKDGGNTAAGR,0,0,1517
LKSTQNAIDEITNKVN,1,1,896
DDEDLDEFKPIVQYDNFQD,0,0,1469
IVQTLNAMPEYQNLL,0,0,2199
LGPAANHYMKLVKKG,0,0,2882
TGEIPFYGKAIPLEVIKG,0,0,1616
LSQEVCILSADVVVG,0,0,2217
AMKKIQDCYVENGLISRVLD,1,1,483
RRNLLKYIKAPSLNGASA,1,1,982
MQREVLVFLRNAKIE,0,0,2945
NEAIGCVVEKTTTRR,0,0,2956
GTTVRASVRIKVPKL,0,0,2701
NAGFKAALAGAGVQPADKY,1,1,240
KSMKVTVAFNQFGPNAGQRM,1,1,186
GKSSFYRNLLWLTGKNG,1,1,642
VGKMYFMLIDTKCYK,1,1,330
LAIPQCRLTPLSRLPFGMAPGPGPQPG,0,0,3636
LMYVSDIKNYEKRVA,0,0,2900
TFEIDANGILQVSAE,0,0,3166
LENFVEENLIAPVFS,0,0,2208
AGEKVRIIIDRFMDF,0,0,2444
ASQKRPSQRSK,1,1,1385
IVVALDALPELQNFL,0,0,2200
SEKDTPVYVRVFLGP,0,0,3096
EGCPAAANGHVIYVQ,0,0,2579
ARTTHYGSLPQKSQRSQ,1,1,527
QAEQSLIVLESDKASMEI,1,1,633
NRNNTFKPFAEYKSD,0,0,3705
RHTYYENQFCVSEKP,0,0,3064
SENMICGGDVANGGVDSCQG,0,0,2352
TVAEEHVEEPTVAEE,1,1,324
GSSQIWIDHCSL,1,1,1059
KGEPAIIEPGMLIEG,0,0,2132
GISYYEKVLAKYKDDLES,1,1,384
DAFSLDVSEKSGN,1,1,416
SEFAYGSFVRTVSLPVGADE,1,1,297
RDPANWQILKRVNYL,0,0,3055
KEGETLVIVETDKVNAEL,1,1,632
PYYLSDITDALSPQV,1,1,1228
GGDLGQVYRRLVTAV,0,0,2673
NELNEFENNQRCMCEALQQI,1,1,870
SQQDIVLADELSQEV,0,0,3124
LDRNEDQLITGKVTE,0,0,2869
KTPVLSVNATVVRLQ,1,1,1136
LDGNLLSSNDLAKYK,0,0,1882
ALGVTGNTHILHYLR,0,0,2455
IMVAFKGVWTQAFWK,1,1,779
IYETFSKLIKIFQDY,1,1,1204
VYRSLKKQIEKNIFTFNL,0,0,3418
LISTAVQGILFALLGA,1,1,1210
SALQNIYTTLRDPAN,0,0,3087
MKAVCVEVEKTASCGVWDEW,0,0,1564
EYVTLKKMREIIGWPGGSGD,1,1,438
TFRPRRQLFQGQDMS,0,0,3168
EDKDLDEPEQFRLPEENEWN,0,0,1484
YRGYSLGNWVCAAKFE,0,0,2249
LRKGNYAERVGAGAP,1,1,1031
YEMVFDGKPQHTNVCFWYIP,1,1,435
KVTAKGVSEANTCAA,0,0,3631
YNNLVNKIDDYLINLKAK,0,0,3439
LPHPQQATDDSGHESDSNSN,0,0,3659
LNWVPVEAGVYRVNR,1,1,204
DEEIIRMMQILIRKTK,1,1,1256
QPFPKTVWEQILNTW,0,0,3759
NGDMTYARLGFKGETQINSD,0,0,2325
AASAITPGWLPINSQ,0,0,2432
ITGEYVQILDAHAAY,1,1,1323
TERVRLLERCIYNQEESVRFD,1,1,1431
NATAMVAQINAVNKPQTVS,1,1,1051
NDFLKTGHYTQMVWA,1,1,798
SNKAFAEGLSGEPKG,0,0,1969
ENPKKYIPGTK,1,1,473
TYDPYHGVKAQLNSP,0,0,3206
MLNDIGINWVILGHS,0,0,2939
PKLAKYLSERHATAF,1,1,264
GESKIVELEEELRVV,0,0,2189
DGTYDITKLGAKPDG,0,0,1779
QERCCNELNEFENNQRCMCE,1,1,871
ESYKFIPALEAAV,1,1,929
NSFKPFAEYKSDYVY,1,1,628
DAATAQTLQAFLHWAITDGN,1,1,47
TLRLWDLAAGRTTRR,0,0,3186
HAVSFTVTKEQSKFY,0,0,2715
KPPFSGMTGCGNTPI,0,0,3621
KLRSAGEVEIQFRRV,0,0,3618
VNILVKQISTPKGPSLR,1,1,1099
LGNIIQRLHGLSAFSLHSY,1,1,1000
YYYGYATQYDYYYPE,0,0,3317
GNAEKYDKMDEPQHYGKS,1,1,127
PADKYRTFVATFGAA,0,0,1921
VAASTKDDGKADFSNYGAVV,0,0,1624
MTEQQWNFAGIEAAAS,0,0,3685
PRLLYAKSSPAYPSV,0,0,3743
TGAVGFAGPQGPDGQ,0,0,2145
LLSDKKIAAMKDLLP,0,0,2896
IYLFPLISLRLKFGLKAEKS,1,1,957
NRVVVSGRHYKQKTDARRKS,0,0,2410
LIDDVIAILPVDELY,0,0,2210
NSTYFPGKLRRVIGD,1,1,1220
PPNPPNPPNPDIPEQKPNIP,0,0,3736
MATGWAKVNGSWYYL,0,0,3674
NHLYETPISATAMVI,1,1,247
SELLSLINDMPITNDQKKLMSNNV,1,1,298
VLESDLMQFKHISSNEYI,0,0,1664
TQLDELLTEHRMTWDPAQPP,0,0,2043
FGAMAKKGDEQK,1,1,98
VFLGPKYNYYGHEYD,0,0,3227
RNATPITNKFTNTSGFANKT,0,0,2327
KDAGISVSEIDHVVLV,1,1,162
IAGLFLTTEAVVADK,1,1,536
EVQQKLIDDHFLFKE,0,0,2615
VHFFRNIVTARTP,1,1,516
CGSSDLYLVTRHADVIPV,1,1,43
PAAYAAQGYKVLVLNPSVAA,1,1,255
CKDDINSYECWCPFG,1,1,403
VPYFVRVQGLLRICALARKAV,0,0,3411
FRKFSNNFEFSYLLG,1,1,1123
GLTLNAKASRNLQDD,0,0,2690
PTGFQGLPGPPGPPG,0,0,3747
LDQNEHADIRVEALF,0,0,2868
GYTPATPAAPAGAEP,0,0,3557
KAKEEAPAAEAAPAP,0,0,2798
PTFTIETTTLPQDAVSRT,1,1,271
MQWNSTAFHQTLQDPRVRGLYLPAGGSS,1,1,1362
LYSGFSFLFVQGNQRAHGQD,0,0,2054
APAAEAAPAPAPAAA,0,0,2464
ACNTIGGYECGGGS,1,1,4
PHTHVIPVNFTLRNQ,0,0,2996
VKLYRKLKREITFHGAKEIS,1,1,335
YSFALMLIIIILIIFIFRRD,1,1,367
EEVRKLKARVDELER,1,1,1036
TEDQAMEDIKQMEAESIS,1,1,1429
GLFGRKTGSVA,1,1,474
GRGIEDSLTISNLTT,0,0,2192
NFGSQRFSKIASNTQS,1,1,468
GMAALPRLIAFTSEHSHFSL,1,1,439
GWYTYMLLPAALTGL,1,1,772
GPTHLFQPSLVLDMAK,0,0,3547
FLLSYGEKDFEDYRF,1,1,825
VCGLGAYLIGLGKQGGPGLC,0,0,1627
ALQQIMENQSDRLQGRQQEQ,1,1,864
SSLKSWDKEMERLRRGMFAL,0,0,2419
DPVGVAVRLSKDIAA,0,0,2536
DIPEQKPNIPEDSEKEVPSD,1,1,59
DIEITCVYCKTVLEL,1,1,508
GEVEIQFRRVKCKYP,0,0,3530
ILPNTLVLDFCDDAL,0,0,3572
GTTYSCVGVFKNGRVEIIAN,0,0,2153
PPKTWEEIPALDKEL,1,1,266
AVVCGRRHGVRIRVR,0,0,3451
ARVTVKDVTFRNITG,0,0,1758
LDDAKAAQKKYDEDQ,0,0,2095
GENFVDQQNTDCNGHGTHVA,0,0,1509
EVLKGPFTVRYTTEG,0,0,3508
DAENPGGEVFNDNKKGLSRV,1,1,916
IKDRISVVQALVLT,0,0,1535
NISQHQCVKKQCPQNSGCFR,1,1,804
KEEHHFKAYSYCGVG,0,0,2810
KGSNVFSMFSQKQVA,0,0,2825
PVKALGEPIRFLLSY,0,0,2246
TVTRGTISDPQRAKEALDKY,1,1,325
DINASFRAAMATTAN,0,0,1781
YPPGPLPLPGLGNLLHVDFQ,0,0,2046
MGETLLRAVESYLLAHSD,1,1,229
LCGSHLVEALYLVCG,0,0,1674
MVGTILEMLGHRLDD,0,0,2219
ERDDYVTIHWENIQS,0,0,2606
RNNENRSYNRKHNNTPKHPE,0,0,3771
FFQQQRILLRLHRCF,0,0,2623
HGVKAQLNSPWKQVS,0,0,2724
IHENLIVTSPFRPWW,0,0,2753
DSYKFIPTLVAAV,1,1,928
GSNPNYLAMLVKFVADDGDI,1,1,855
LLFWLYIVMSDWTGGALLVL,1,1,200
DRTGVRVLTMCPGVT,1,1,1114
DELDMMIEEIDADGS,0,0,2169
TQSVPVRCPARRRQS,1,1,773
QWFKVSDKWYYVNGL,0,0,2101
SMPFGKTPVLEIDGK,0,0,2230
KIISRCQVCMKKRH,1,1,681
VLDMTLKFEGPAESY,0,0,3239
EENVEENVEENVEENV,1,1,70
QAYAATVAAAPQVKY,0,0,3750
LNDYILPAPYEIYPW,0,0,2901
CRFWPTGRGIYHNDA,0,0,2490
TYDNECLLCAHKVE,0,0,1623
VKFFDTGSAVGRGIE,0,0,2237
VLDEVIFSKHKGDTK,0,0,1635
PLFSHLQNEQWVD,1,1,572
PPGLQGMPGERGIAG,0,0,2143
VSFGVWIRTPPA,1,1,347
KEVEEAWASACGGTG,0,0,3606
KELEEIVQPIISKLYGSAGP,1,1,819
SKLTYENVKMEDVGY,0,0,1967
NTWTTCQSIAFPSKTSASIG,1,1,514
KLPINALSNSLLRHH,0,0,3616
CEEERCLPKREPLDVPDEPE,0,0,3456
LRELTTEEQREL,0,0,3665
WNEKYAQAYPNV,0,0,1642
SETQHGTILIKVEYK,0,0,2389
AIAVHSQTTDIPPCPHGWIS,0,0,2048
KVVHALESGLNVVAC,0,0,2864
KAAVAAAASVPAADK,0,0,1861
NPIVTDKEKPVNIEA,0,0,2387
FLSNSAVSRVIADGD,0,0,2637
LLVLLDYQGMLPV,0,0,1553
SDLKAIDDKIDLFKNPYD,0,0,1661
AAPAPAPAAAEPARQ,0,0,2430
GHEYDLNERRNYFVE,0,0,2675
LLMKADPSIHVLKMV,0,0,2895
VNYWFAPGAAAAPLS,0,0,2004
ATGPLGPKGQTGEPGAPGNKGEQGPK,1,1,1411
NEYLLPQTVWARF,1,1,712
LRYQKDKKGISTSAASPAVG,1,1,1176
FINNIHDLLGIPHIP,0,0,2184
LVSKYTDSQGKNRTT,0,0,2924
AYCLWMMLLISQAEAALELIT,0,0,3453
NALYNYSIPRPNVTSNL,1,1,1253
GHAFGAMAKKGD,1,1,121
LSAEKASKDGEIHRG,0,0,1556
LDPYFNLVSPEVYNY,1,1,1021
RIDTPDKLTGPFTVR,0,0,3766
TVNLVKRLLQNSVVE,1,1,1023
QDPHAWLSLDNGIKYVKTIQ,0,0,3336
IPAGELQIIDKIDAA,0,0,3577
LTLMNVKNIIIH,1,1,1354
THQFNVAGSVTVDKT,0,0,3175
FGESNIVIGIGDKAL,0,0,2369
SPASEPSVCTVAASTKDDGK,0,0,1605
VFIKRVSNVIIHGLYLYG,1,1,454
QGPIPMTARFIRGLGVPRERQMEPA,0,0,1587
FNPVCGTDGVTYDN,0,0,3517
QFLYALSSALFQRED,0,0,3023
EVIPTAFKIGKTYTP,0,0,3505
ALFNEKLETSPDFLA,0,0,2454
NYDVPTKDIFYNNLT,0,0,2982
YFEPYEMGLSNAVKV,0,0,3279
DITVKNCVLKKSTNG,0,0,3469
PCKGDSVTIKLDGNL,0,0,1923
DDTKKDMLGKLLSTGLVQ,1,1,376
HHDDSLPHPQQATDDSGHES,0,0,1523
KPTLHGPTPLLYRLGAVQ,1,1,181
LLLWAPPPSRAAQPA,0,0,2138
QQTRGLLGCIITSLTGRD,0,0,1588
NHYMKLVKKGILPDL,0,0,2963
KGSNPNYLALLVKYV,0,0,3611
HGQGGSTADTYNLQY,0,0,2722
PFTVRYTTEGGTKGE,0,0,1927
LDWLNRIETYVKWPWYVWLL,1,1,743
HCLGKWLGHPDKFVGI,1,1,457
MTEQQWNFAGIEAAASAIQG,1,1,239
LIYYTDFSNSSIA,1,1,915
KINYDSLYNLNNIGS,1,1,1134
SNVASLKGFIT,1,1,1169
KAYDYKMKESGHLNE,0,0,2802
RFLGPKGFAGVQVSP,0,0,3057
LLFCALASSCQVAFS,0,0,1886
LVNLLIFHINGKIIKNS,1,1,216
EKFPSSPPTTPPSPAKTD,1,1,379
AARLVRLAAAGAAVT,0,0,2280
KLLPVPPTVTIFKIS,0,0,1871
FWAVRGGGGESFGIV,0,0,1823
LTAELKIYSVIQAEINKHL,1,1,213
AVKPAAEEVKVIPAG,0,0,1764
ENQLKEARFLAEEAD,1,1,1272
KVSSTLSGLEGELKG,0,0,2863
GEPGIAGFKGAQGPKGEPGPA,1,1,463
ADDLEGEFTEETIRN,0,0,2122
SSSSSESNESVLAKK,0,0,3137
DLAVELAYLGNL,0,0,1475
NAVPVLLHIPALAGKVLRFQ,0,0,2037
LLDKAVSNVIASLTCGRRFE,1,1,664
PLCSQNLGAPGGGPDNGPQD,0,0,3732
GRYKDEKDVTDITVK,0,0,1844
CNTCVTQTVDFSLDPTFT,0,0,1463
FLGCLVKEIPPRLLY,0,0,1814
QPNLKALREKVLGLP,1,1,831
PCRAGFETNVSHNVQ,0,0,1924
MLERYSNDMPEIQPF,0,0,2938
HEYEPLPEDVKKTSE,1,1,907
LAMKLIQQLNLNDNAIHLYA,0,0,1548
RLFEPFQGLFEIPSY,1,1,286
KGGQAFTVYVIVTPY,0,0,2822
MADKEKKKKKKAKEE,0,0,2930
PWLSATTVRSVTHANA,1,1,1227
QGFFAVQQTCPHCQG,0,0,1694
DGTQQFYHYASSVKPARVIF,1,1,1068
VSRTQRRGRTGRGKPGIY,0,0,1638
RRFEYDDPRFLRLLDLAQEG,0,0,1723
AALGIGTDSVILIKCDERGK,1,1,437
NDVIQKAYDYKMKES,0,0,2955
EDLQDFLALIPIDQI,0,0,2177
AVESEISPRLDAIKL,1,1,517
FYTEFDMENNRVGFA,0,0,2662
LYAEERYPILPEYLQCVK,1,1,219
AIYFVFLRTSKNLELVES,1,1,933
QKSQRSQNENPV,0,0,3755
GTLHDKKSMGDDHFW,0,0,3554
AEDVIPEGWKADTSY,0,0,3502
QVAFSYFPPPAAKED,0,0,3762
FQVAHLHAPTGSGKSTKV,1,1,104
VFPKDKEGRALQKFLGTIR,0,0,2114
CFRHESLVPNLDYER,0,0,2483
VPVKKATVVYQGERV,0,0,3409
FLAPDDQIKKNV,1,1,1057
LYLKRKLIYDAAVEG,1,1,220
EENLIAPVFSIHHAR,0,0,2178
DQRNQELQWVEEAAH,1,1,1192
ASDYKSAHKGFKGVDAQGT,1,1,1367
SSPDNVKPLYIITPT,0,0,3344
VVIAAFKTFEDDGKI,0,0,3259
APGAYKSVEVKGDGG,1,1,1171
EAPVKVGENKSLTMNESGQV,0,0,2401
AGAEPAGKATTEEQK,0,0,3534
LVVPRYAFAMERNAGSGIII,1,1,894
DYLINLKAKINDCNVEKD,0,0,1652
ASQARPSQRHG,1,1,1378
DKAVEKEEHHFKAYS,0,0,2521
DRVDEVDHTNFK,1,1,61
FGDVFSLQLAWTPVVVLNGL,0,0,2028
LKLYQWILKQKSMASEEI,1,1,964
VKNFVAAYKNGMLAR,0,0,3237
IMKTHQFTNCRHNSA,0,0,2765
GRTGRGKPGIYRFVAPGE,1,1,129
KVAEKLSEYPNATAR,0,0,2264
LRDTNVTAVPASGAPAAVSVLGAS,1,1,1350
SFNDENLRIVVADLFSAGMV,0,0,2041
MAVHQYTVALFLAVA,0,0,3675
TVEVVEGMQFDRGYISPYFV,1,1,1027
MPLQKLFARRIFDSR,0,0,2942
ILKISNKYHTKG,1,1,1313
EKIQVAEIYQHENYDSMTID,0,0,2343
VIEGGPIGDTLE,1,1,331
KGNFQRLAITKGKVD,0,0,3610
RTLEDNEERMSRLSKVAPVI,0,0,3774
STLRNLGLGKKSLEQWVTEE,1,1,670
QIWIDHCSLSKS,1,1,1061
GRNFNISSQYYIQQN,0,0,2193
DSLSPRRAGAKAGPGLSPGT,1,1,795
RNCELVGLHDLNQGS,0,0,3074
YKLENDHPNYMNWDT,0,0,3293
TNQQRASAGQISTQPTF,1,1,655
YDKKPLGFPFDRPIH,0,0,3276
LEDELVHEKEKYKYI,0,0,2873
LSPRIRKVGDIEFHACSDYI,1,1,210
FGESYIVVGAGEKAL,0,0,2370
EENIGIYKELEDLIEKNENL,0,0,1487
SSFERFEIFPKESSWPN,1,1,654
KRKLEGDLKLTQESIMDLENDKQQL,1,1,578
CLSGFMGIDLPKGPL,0,0,2487
HRDNIEDDLLNRNNT,0,0,1847
ADLGYGPATPAAPAA,0,0,3492
CVPKVTFTVEKGSNE,0,0,1776
LWKGFSFIMFTSAGSEGTGQ,1,1,682
VWNLTNCKLKINHIG,0,0,3265
LQLAYTRHVTKAALL,0,0,2908
DAVDFGYVFCDKMIS,0,0,2501
FHTIYKKDNGSPTDP,0,0,2627
KALKINWYKKGSS,0,0,2376
KLTSGKPASCVDKNARGFYS,1,1,491
CLLCAYSIEFGTNISK,1,1,44
NVWEVKSSKPLVGPF,0,0,1919
YFNQQMFARYMLERY,0,0,3280
FVEGNLKYFNMGVQK,0,0,2656
NASAVIQEFLKTYKK,0,0,2952
GCIITSLTGRDKNQVEGE,1,1,116
MQGYPFNPCLTEAQY,0,0,2944
EASEAYLVGLFEDTN,1,1,1029
CWVAMTPTVATREGKLPATQLRRHI,1,1,46
LVTKLNAGLQAASEDPRLLV,0,0,1721
RDGQLTIKAERTEQKDFDGR,1,1,284
PNYTTPELNLLLDIFNQTKL,0,0,2077
SASPHHHSRLRSESGG,0,0,2358
VASLLTTAEVVVTEI,1,1,538
VDVIYLEGQNEKGKE,0,0,2305
PTNFNHTKLSSSSSI,0,0,3010
SSEEEDEIDGPAGQAEPDRAHY,0,0,2253
YWTIDFDIAVARVST,0,0,3312
YIVMSDWTGGALLVLYSFAL,1,1,361
AAVEFVGAFVVDAYA,0,0,2433
KLVLDIKYTRPGDSL,0,0,1873
TFYKTACWARDRVNE,0,0,3169
GPQGEPGPPGQQGNP,0,0,2129
QASNMYRNFTKGLCG,0,0,3016
KKLAFHTDTDLKKDS,0,0,2831
YEIYPFLFVENDVIQ,0,0,3277
LSIYEAIKGVDGLDA,1,1,209
GLNGPDIYKGVYQFKSVEFD,0,0,3541
IQGKFGLDATAVGDE,0,0,2777
RRQRWAARYPPGPLPLPGLG,0,0,2040
RNPILHFMRLKPKGLNNI,1,1,981
AKFVAAWTLKAAA,1,1,17
ERSEERLNTATTKLA,1,1,545
NELFKFNRLHTKISILQIIG,1,1,1366
IKSVYIPYLVQEFDD,0,0,2760
ASEQETADATPEKEEPTAAP,1,1,33
QFTNCRHNSAYKLHF,0,0,3024
ICKINVAVNIEPQTY,1,1,143
TVPGGGTTYIRAIAALEGLK,1,1,775
VIKLADTSSSSESSS,0,0,3236
IPPCPHGWISLWKGFSFIMF,0,0,2051
PADKYKTLEAAFTVS,0,0,3713
GGDRGAPKRGSGKDSHH,1,1,562
TPEAKFDSFVASLTE,0,0,1987
TVLVQVKYEGTDAPC,0,0,2394
VHFFKNIVTPRTPPPSQGKGR,1,1,531
DKDLLENGAIFV,1,1,1056
IPTAFSIGKTYKPEE,0,0,3582
ARYFLERLSNDLPDV,0,0,2469
YNTLDLNGGKGGPGD,1,1,1242
SKWIDKDQLTALYME,0,0,3108
LLLVDLMHRRQRWAARYPPG,0,0,2035
HEMRTKRDHVLPACR,0,0,2719
DYEYLINVIHAFQYV,1,1,430
ERANLRPCEQHLMQKIQRDE,1,1,866
TGHMILAYMEDHLRNRDR,1,1,445
VYDALGYTDMLPEFGGDTAY,0,0,2333
TNLSDALLQVRKHLNDRINR,0,0,3376
SGFQPCGHSDHFFIG,0,0,3100
VVKDPYKFLNKEKRDKFL,1,1,400
GALCILLLMITLLLIALWNL,1,1,1284
NFRFLTEKGMKNVFD,0,0,1913
FQGEKYPLYENYIKG,0,0,2643
GPRSQGVFLARYGPAWREQR,0,0,2029
WVCEHRWRQIFNMVG,0,0,3273
REGDKHKLKKSELKEL,1,1,1049
DALESIMTTKSVSFR,1,1,48
PRFTILVRLLKQLKV,0,0,3003
GNENMDAQHSSPASEPSVCT,0,0,1516
IESIRKQTAIEIEQL,0,0,2750
KVPPGPNITATYGDK,0,0,3630
DANIRAEKAEEEARS,0,0,2499
SRWSSPDNVKPIYIV,0,0,3343
LSILMEPILSRIPLA,1,1,1213
PYVSKNPRQAYANYR,0,0,1936
SEASLNLKRAILAHF,0,0,3093
AGDGPPLCSQNLGAPGGGPD,0,0,1452
ENLREDGVWGRPHLS,1,1,1197
TGAYSNASSTESASY,0,0,2285
GHAVGLFRAAVCTRGVAK,0,0,1513
IRALFGLTLNAKASR,0,0,2778
LSGLPSGGEVLEISV,1,1,459
NMDGEFVNDVLTPWG,0,0,2969
KNDMVINLNQEL,1,1,839
GLEWVAVISYDGGNK,1,1,739
YEKYSGVFLGRAEDL,0,0,2254
NLLASSPRLAKYLSNRPATPF,0,0,1668
TKGEGGVWTFDSEEP,0,0,1982
AGELQIIDKIDAAFKVAA,1,1,12
TGRDKNQVEGEVQIVSTA,0,0,1617
KEMEDKVSSTLSGLE,0,0,2814
DIAILTGGSVISEET,0,0,2518
AGIMIFDPYGATISA,0,0,1744
KALFLGLKTANILKP,1,1,958
EHGSDEWVAMTKGEG,0,0,1793
VLQPSPALSWRS,0,0,2156
KHNNTPKHPEREEHEKPDNN,0,0,1542
KRIAKAVNEKSCNCL,1,1,926
VVLFAVFLGSAYGIP,0,0,3413
DMGIKGDRGEIGPPG,0,0,2125
LQGPFNFRFLTEKGM,0,0,1893
AAKNFLAAANAIDDY,0,0,2429
GVYTRVGNFVDWIESKRSQ,0,0,2346
VIPAGELQVIEKVDA,0,0,1998
IKDQYKPEIAKVAEK,0,0,2261
FIPVENLETTMRSPVFTD,1,1,100
GGFKKTDKHPPKDWG,1,1,1124
QDNSAKKEATPATPSKPTPS,1,1,1069
ALKALNAHWSADAVY,1,1,700
PEHFLDAQGHFVKPEAFLPF,1,1,666
PFNRRTLEELIDEVD,0,0,2993
TYIDPDALKELPLLKFLGIF,1,1,621
AAPANDKFTVFEAAF,1,1,622
HSHGITYKKATVKKS,1,1,782
HKPETFLSNSAVSRV,0,0,2729
EKRVADAVDFGYVFC,0,0,2588
GTCLESLRRYLELGKERL,1,1,714
MKDFDEPGHLAPTGM,0,0,1907
GKKVIAQDVIPVNWKPDTVY,1,1,1292
NNIDFQIDAEAKIHG,0,0,2970
WTTCGSIAFPSKTSASIGSL,1,1,1447
APGAAAAPLSWSKDI,0,0,1752
LQIIDKIDAAFKVAA,0,0,3661
ISTEMVGTILEMLGT,0,0,2785
SIKKYINDKQGENEKYLP,1,1,396
SINLMFSQMYHAQLA,0,0,3104
TPSYVAFTDTERLIG,1,1,789
NKEKRDKFLSSYNYIKDS,1,1,391
TFDNFTYSAHHIVQN,0,0,3165
QDHQEEICEVVLAKS,0,0,1937
CLLVLGIWIYLLEMLWRLGA,1,1,45
KDKWIALKESWGAIW,0,0,3599
AADHAAPEDKYEAFV,0,0,1728
GIQPKSASQIQAVPASQALT,0,0,2404
KENALSLLDKIYTSPL,1,1,163
KRVFCAAVGRLAA,1,1,184
SMHPDFYGHIFHMYR,0,0,3114
SNLTTSQQDIVLADE,0,0,3116
KRHRKVLRDNIQGITKPAIRRIAR,0,0,3624
PAADKFKTFEAAFTS,0,0,3712
AMKRHGLDNYRGYSL,1,1,25
TGSQDFFVRSIG,1,1,317
GAVQNEVTLTHPITKYIM,1,1,114
PPNPPNPPNPDIPEQEPNIP,1,1,267
KNESKYSNTFINNAYNMSIRRSM,1,1,178
SVKRSNGSAEVHRGA,0,0,1975
SQKEEEEGAQREKE,0,0,3342
GKKITCECTKPDSYPLFDGI,1,1,1291
VEHLLSTRNMDVSYS,0,0,3224
LENNVMTFNVNVKDILNS,1,1,389
EGGSEGPSTSGTLKI,1,1,1195
RNSASMDLSSSSMSS,0,0,3075
AGAFHLLMAESLRIHYA,1,1,932
YMLDLQPETTDLYCYEQLNDSS,0,0,2255
KISNKYHTKGDH,1,1,1334
AFFLDLILLIIALYLQQNWW,1,1,10
RSAIVHLFEWKFADI,1,1,1151
LVDVTLGSTHVT,1,1,840
ASGFSTSQLAMIQNA,0,0,2470
EIYPWLFVDSDVIQR,0,0,2586
YVYALPTKAAHIVFP,1,1,1161
VGGVYLLPRRGPRLGVRATR,1,1,329
GMIKSNDGPPIL,1,1,838
KALGVILTLPQRIIA,0,0,2799
GVYDISNKRRMGLTE,0,0,2709
RCLLGFKEVGGKCVPASI,1,1,1071
VRSGGHDYEGLSYRS,0,0,2005
TGWVKDGDTWYYLEA,1,1,768
DGEFTYVPLVGDDSW,0,0,2171
MNKKKMILTSLASVA,0,0,2098
DKLTGPFTVRYTTEG,0,0,1783
QERLAKLAGGVAVLY,0,0,1670
PEHFLDAQGHFVKPEAFLPF,0,0,3718
GAPLGGAARALAHGVRVLED,1,1,111
DIPKEQRAMITSEGAFKYFS,0,0,3333
RLKEAEARAEFAERS,0,0,3070
AANKQKQELDEISTNIRQAG,1,1,0
PGMAKIPAGELQIID,0,0,1929
KFNKKMHEHSEHFKHKFAEL,1,1,165
YSEMRRKAKAVEHLL,0,0,3307
ELLKQSFEATQQKEI,0,0,2592
KRQPNSRPRSSSSSS,0,0,2851
KAYNAFKSLDIVINN,0,0,2803
WARMILMTHFFSVLIARDQLEQ,1,1,1005
STPASLALPFVLILT,1,1,1235
KQAYAATVATAPEVK,0,0,3623
CIPSLEAAVKQAYAA,0,0,3460
KSYLYGYKSKKINYD,0,0,2855
YKLGPSPKARSERPA,0,0,2016
LLAMAVLAALFAGAW,0,0,1885
RSTMKPVQKVLEDSDLKKSD,1,1,821
MHLFTGIQIICLAVL,0,0,3329
LGANAILGVSIAVCK,0,0,2880
MDRHIEELQNGMGLSAVAPL,0,0,2408
LAWTPVVVLNGLAAVREALV,0,0,2034
DEVLVEIETDKVVL,1,1,568
ENFDIPKKPENKHDNQNNLP,0,0,1491
MSSKFPELGMNASHC,0,0,3683
AANTWATPILPSSPNATIVG,0,0,2340
YPNGQEVPARPAYMM,0,0,3301
QQWELQGDRRCQSQLERANL,1,1,1398
IVEGNSMHPDFYGHI,0,0,2788
FYNMVKQGLVSQPIF,0,0,2661
AQGTLSKIFKLGGRDSRSGSPMARR,1,1,511
KYEGAGAPCKVPIEI,0,0,2381
LASSCQVAFSYFPPP,0,0,3638
KMIEYLNHLVDCGVA,0,0,2839
SIGGVFNSIGKAVHQVF,0,0,2241
FTVFEAAFNNAIKAG,0,0,3519
SFSVPTGQPRPSHHGVFAFL,1,1,1414
EVLYLKPLAGVYRSLKKQ,1,1,382
IRLHSDASKNKEKALIIIKS,0,0,3586
VIGIGDKALKINWYK,0,0,2395
RIKAFLALVECPCNK,1,1,1148
KIEIDQDHQEEICEV,0,0,1866
TEAQYKEMEDKVSST,0,0,3162
KAKGNPESSFNDENLRIVVA,1,1,663
SLGWATLVGEITAGNLLHTR,1,1,598
KSQTTTTQSSHCTCS,0,0,2854
ADGSGELEFEEFCTL,0,0,2435
GLGWYKIEIDQDHQE,0,0,1837
KGDTKMSAEDKALFR,0,0,1541
GLILGLLRRHASSLIVFKL,1,1,1295
GAIIGLMVGGVVIA,1,1,449
TWFNYTKYEYDVPRH,0,0,3204
NVSHIQSAVVCGRRH,0,0,1918
MKELSPRWYFYYLGT,1,1,603
FVIPDLSPKNKSYCGTQSEY,0,0,2047
KKLPLSLSFLHLTRADLSYP,0,0,1720
TVSHPNIEEVALSTTGEI,0,0,1621
DEIVSWLLKKTGPVA,0,0,2506
MKLLHKVGSTKYKK,0,0,1565
SQDFVLIFSVHGLPKSVIDAG,1,1,988
GDSEDMVCTPKSDEFNPCEDI,1,1,613
IDIDLCDICTNTMDV,1,1,144
AAVTLLEQPNPSKLA,1,1,1105
TEKGMKNVFDDVVPE,0,0,1980
SKEFIPELNKLGSLFGQGE,1,1,985
KECENGGSAVANIDM,0,0,2809
LWYYIALKKLRKAFPNKYVKM,1,1,1356
FMVQSLERVVEHNPR,0,0,2638
QFKRELRNLPQQCGLRAPQR,1,1,1391
DGVKIDNVDVGKLYT,0,0,2516
VLSDPRKREIFDRYG,0,0,1709
YTTGAVRQIFGDYKTTICGK,1,1,520
SDGKAYIEILSSADD,0,0,3091
GMNDGIAELIKIESS,0,0,2692
AGFKGEQGKGEP,1,1,1104
GYVALTIKHVTTHDI,0,0,2713
KLRSAGELELQFRRV,0,0,3617
SLLELQKVFSKGTFL,1,1,1232
NIRFRYIVLQDTCSK,1,1,809
LNDNAIHLYASVFSNNAREI,0,0,1554
YTKSKAKDVEGIGDVDLVNY,0,0,2334
SSYINTFDNFTYSAH,0,0,3139
AQAAVVRFQEAANKQKQELD,1,1,29
AAATATATAAVGAAT,0,0,1727
GKVSNAITTTSDGFNSMASA,1,1,738
ILSKIENEYEVLYLKPLA,0,0,3574
LAQEAGNFERISGDLKTQID,1,1,188
GNIEGQWALKNHSLVSLSEQVLVSCDNIDD,1,1,1296
LTVFDSTSCNVVVAS,0,0,2920
GLVPKLDAAYSVAYK,0,0,1839
GPRYSTQRGVYLLTSHRTAT,0,0,1717
EPGEVLVEIETDKAQMDF,1,1,630
KPLVIIAEDVDGEALSTLVLN,1,1,179
SKVHAIMNIGKECEN,0,0,3107
GGVSLPEWVCTTFHTSGY,1,1,924
IPYLVQEFDDAVKEN,0,0,2776
SYDDALVSKYTDSQG,0,0,3150
APGDSPNTDGIHIGD,0,0,1753
FTTMPFLFCNVNDVCNFASR,1,1,679
AKYKDDLESIKKVIKEEK,1,1,374
EKLIETYFSKNYQDYEYLINVI,1,1,486
ELEFEEFCTLASRFL,0,0,2590
CGGTGKNTIVIPKGD,0,0,3457
IRSKSINSATHYAES,1,1,1184
TRNLMGVSELLISTA,1,1,1237
FAEYKSDYVYQPFPK,1,1,627
LFIFGCLLVLGIWIYLLEML,0,0,3644
RGWKHWVYYTCCPDTPY,1,1,557
FFYTPMSRREVED,1,1,424
DANWDQNRMKLADCAVGFGS,1,1,49
YLSKSMALTGDATAV,0,0,3297
QVNAKLDEKDKALQN,0,0,3045
VPPLRVWRHRARSVRAKLLSQGGRA,1,1,1004
SQQPFQIELNSRGEV,0,0,3125
GPPGPAGTAGARGAP,0,0,3545
KEGDVFIMPAAHPVAINASS,1,1,1326
FVAAKFDGILGMAYS,0,0,2655
VAVLYVGAASEVEMK,0,0,3216
LGKQGGPGLCDTIKKMANDV,0,0,1549
MKRGLTVAVAGAAILVAGLSGCSS,0,0,2118
RACLGEPLARMELFLFFTSL,0,0,2039
CARAQAPPPSWDQMRKCL,0,0,1461
PGIYRFVAPGERPSGMFD,0,0,1582
CAELCDPSNKPGHLL,0,0,3455
LGQTIRNSRWSSPDN,0,0,3648
IRIGCKTSSSCSNWVWQSTQD,0,0,1682
DLGYAPATPAAPGAG,0,0,3471
KKQADQLRALQSSFE,1,1,1167
SHLVEALYLVAGERG,0,0,3788
VIYVQIRFSVRRFHP,1,1,834
ILSEGNSFTAPNESYKKQVTI,1,1,450
LEYYLREKAKMAGTLIIPES,1,1,193
MNTPGLPVCQDHLGFWEG,0,0,1567
VVFQQTKAIADKIKD,0,0,3257
PIKDQADEAQYCQLVRQLLD,1,1,1249
LQYNGSWYYLNANGA,0,0,2097
EHPETSLRDPAFYQI,0,0,2582
GIVKENIIDLTKIDRCFQ,1,1,914
VDVVLNQMSGSWPDA,0,0,3221
CQSQLERANLRPCEQHLMQK,1,1,865
GSIYHYYRQLAGKSV,0,0,2698
YLGYLEQLLRLKKYKVPQ,1,1,1450
TRINDLTDPNMLAHL,1,1,1078
NGPQDPDNTDDNGPQDPDNT,0,0,3698
PATPAAPGAGYTPAT,0,0,3715
VEGEVQIVSTATQTFLAT,0,0,1630
NTYKHRLQKRTMRPT,1,1,465
FTQLLTLFAGRMSGG,0,0,2652
GPLLCPTGHAVGLFRAAV,0,0,1518
QGPPQDGNGNIISPS,0,0,3028
PGSVGPVGPRGPQGL,0,0,2142
FQINLDFKNHNGFIR,1,1,1122
GMFLYSFNIAIMHRE,0,0,2691
FVNDVLTPWGCYAKD,0,0,2657
NAAYNAADHAAPEDK,0,0,3688
PAVPYGPGDFHSTCT,0,0,2988
ASGGTFSSFAINWVRQAPGQ,1,1,1371
ATPEAKYDAYVATLS,0,0,1761
SADEVQRMMAEIDTD,0,0,1954
QKSQRSQKENPV,0,0,3754
ISVKNAEKVQTAGIVTPYDI,1,1,411
EIKIVATPDGGS,0,0,3491
HIVFPSYEIEMFYDG,1,1,1129
SYSYNKDNNELSHFA,1,1,312
YTQLGRAAATLMTER,1,1,1244
LDTCMPLICHATESY,0,0,2871
GVPDVILPVPAFNVI,0,0,2707
YFRLGVSDPIRG,1,1,728
IFDSRGNPTVEVDLF,1,1,925
EEIVKFLAAGPLDPN,0,0,2571
IGYSGTGEGNHIENDPLKIK,1,1,370
